Model,Key,Run,Zero Difference,Raw Optimized Difference,Scaled Optimized Difference,Optimized Better,Optimized Params
deffuant,imwbcnt,0,0.34837861524978087,0.348855761732197,-0.0013696204690234544,False,"{'mu': 0.06195361209626926, 'epsilon': 0.6283265855466483, 'interactions': 15}"
deffuant,imwbcnt,1,0.34837861524978087,0.348430221745885,-0.00014813336365993276,False,"{'mu': 0.06195361209626926, 'epsilon': 0.6283265855466483, 'interactions': 15}"
deffuant,imwbcnt,2,0.34837861524978087,0.34867249531580213,-0.0008435651706421811,False,"{'mu': 0.06195361209626926, 'epsilon': 0.6283265855466483, 'interactions': 15}"
deffuant,imwbcnt,3,0.34837861524978087,0.3484546319517395,-0.00021820140109378382,False,"{'mu': 0.06195361209626926, 'epsilon': 0.6283265855466483, 'interactions': 15}"
deffuant,imwbcnt,4,0.34837861524978087,0.3486122676329655,-0.0006706852055689453,False,"{'mu': 0.06195361209626926, 'epsilon': 0.6283265855466483, 'interactions': 15}"
deffuant,imwbcnt,5,0.34837861524978087,0.34819602162042396,0.000524124103386749,True,"{'mu': 0.06195361209626926, 'epsilon': 0.6283265855466483, 'interactions': 15}"
deffuant,imwbcnt,6,0.34837861524978087,0.34843425846811305,-0.00015972053362771607,False,"{'mu': 0.06195361209626926, 'epsilon': 0.6283265855466483, 'interactions': 15}"
deffuant,imwbcnt,7,0.34837861524978087,0.34876955828842515,-0.001122178634196557,False,"{'mu': 0.06195361209626926, 'epsilon': 0.6283265855466483, 'interactions': 15}"
deffuant,imwbcnt,8,0.34837861524978087,0.34851911633780885,-0.00040329997846524614,False,"{'mu': 0.06195361209626926, 'epsilon': 0.6283265855466483, 'interactions': 15}"
deffuant,imwbcnt,9,0.34837861524978087,0.3487369797018715,-0.0010286637480136434,False,"{'mu': 0.06195361209626926, 'epsilon': 0.6283265855466483, 'interactions': 15}"
deffuant,imwbcnt,10,0.34837861524978087,0.3504529534502094,-0.005954263865884118,False,"{'mu': 0.4824158192924077, 'epsilon': 0.2725701882922339, 'interactions': 37}"
deffuant,imwbcnt,11,0.34837861524978087,0.3512263240192649,-0.00817417787668248,False,"{'mu': 0.4824158192924077, 'epsilon': 0.2725701882922339, 'interactions': 37}"
deffuant,imwbcnt,12,0.34837861524978087,0.3505224276195733,-0.006153685318070883,False,"{'mu': 0.4824158192924077, 'epsilon': 0.2725701882922339, 'interactions': 37}"
deffuant,imwbcnt,13,0.34837861524978087,0.34988049467436455,-0.004311055153333296,False,"{'mu': 0.4824158192924077, 'epsilon': 0.2725701882922339, 'interactions': 37}"
deffuant,imwbcnt,14,0.34837861524978087,0.3507601549675536,-0.006836067466613011,False,"{'mu': 0.4824158192924077, 'epsilon': 0.2725701882922339, 'interactions': 37}"
deffuant,imwbcnt,15,0.34837861524978087,0.34956717414276933,-0.0034116872877983425,False,"{'mu': 0.4824158192924077, 'epsilon': 0.2725701882922339, 'interactions': 37}"
deffuant,imwbcnt,16,0.34837861524978087,0.35020605304183433,-0.005245550995554728,False,"{'mu': 0.4824158192924077, 'epsilon': 0.2725701882922339, 'interactions': 37}"
deffuant,imwbcnt,17,0.34837861524978087,0.3505886764143919,-0.006343848525336322,False,"{'mu': 0.4824158192924077, 'epsilon': 0.2725701882922339, 'interactions': 37}"
deffuant,imwbcnt,18,0.34837861524978087,0.35104190085795023,-0.007644802211122626,False,"{'mu': 0.4824158192924077, 'epsilon': 0.2725701882922339, 'interactions': 37}"
deffuant,imwbcnt,19,0.34837861524978087,0.35104190085795023,-0.007644802211122626,False,"{'mu': 0.4824158192924077, 'epsilon': 0.2725701882922339, 'interactions': 37}"
deffuant,imwbcnt,20,0.34837861524978087,0.3497124655399113,-0.0038287375623618563,False,"{'mu': 0.26826931753229755, 'epsilon': 0.5680063553422007, 'interactions': 17}"
deffuant,imwbcnt,21,0.34837861524978087,0.3497463174632815,-0.003925907485796784,False,"{'mu': 0.26826931753229755, 'epsilon': 0.5680063553422007, 'interactions': 17}"
deffuant,imwbcnt,22,0.34837861524978087,0.3491053732761189,-0.0020861154919539627,False,"{'mu': 0.26826931753229755, 'epsilon': 0.5680063553422007, 'interactions': 17}"
deffuant,imwbcnt,23,0.34837861524978087,0.3503539928173806,-0.005670203282091345,False,"{'mu': 0.26826931753229755, 'epsilon': 0.5680063553422007, 'interactions': 17}"
deffuant,imwbcnt,24,0.34837861524978087,0.3502553431968988,-0.0053870354406581,False,"{'mu': 0.26826931753229755, 'epsilon': 0.5680063553422007, 'interactions': 17}"
deffuant,imwbcnt,25,0.34837861524978087,0.35079400704792923,-0.006933237840722742,False,"{'mu': 0.26826931753229755, 'epsilon': 0.5680063553422007, 'interactions': 17}"
deffuant,imwbcnt,26,0.34837861524978087,0.3487718267437987,-0.0011286900998096737,False,"{'mu': 0.26826931753229755, 'epsilon': 0.5680063553422007, 'interactions': 17}"
deffuant,imwbcnt,27,0.34837861524978087,0.3488148308451043,-0.0012521308031799281,False,"{'mu': 0.26826931753229755, 'epsilon': 0.5680063553422007, 'interactions': 17}"
deffuant,imwbcnt,28,0.34837861524978087,0.3490277662415614,-0.0018633491361549413,False,"{'mu': 0.26826931753229755, 'epsilon': 0.5680063553422007, 'interactions': 17}"
deffuant,imwbcnt,29,0.34837861524978087,0.34902299578915813,-0.0018496558375583885,False,"{'mu': 0.26826931753229755, 'epsilon': 0.5680063553422007, 'interactions': 17}"
deffuant,imwbcnt,30,0.34837861524978087,0.3489600930375072,-0.0016690972472848742,False,"{'mu': 0.4634661557957869, 'epsilon': 0.420826629556191, 'interactions': 5}"
deffuant,imwbcnt,31,0.34837861524978087,0.3488660467896187,-0.0013991431118363696,False,"{'mu': 0.4634661557957869, 'epsilon': 0.420826629556191, 'interactions': 5}"
deffuant,imwbcnt,32,0.34837861524978087,0.34921661646534174,-0.0024054324200124873,False,"{'mu': 0.4634661557957869, 'epsilon': 0.420826629556191, 'interactions': 5}"
deffuant,imwbcnt,33,0.34837861524978087,0.34914818553328436,-0.002209005518182361,False,"{'mu': 0.4634661557957869, 'epsilon': 0.420826629556191, 'interactions': 5}"
deffuant,imwbcnt,34,0.34837861524978087,0.34951595550940245,-0.0032646672609515292,False,"{'mu': 0.4634661557957869, 'epsilon': 0.420826629556191, 'interactions': 5}"
deffuant,imwbcnt,35,0.34837861524978087,0.3484726614976694,-0.0002699541354486639,False,"{'mu': 0.4634661557957869, 'epsilon': 0.420826629556191, 'interactions': 5}"
deffuant,imwbcnt,36,0.34837861524978087,0.3490029086537334,-0.0017919969154964622,False,"{'mu': 0.4634661557957869, 'epsilon': 0.420826629556191, 'interactions': 5}"
deffuant,imwbcnt,37,0.34837861524978087,0.34951595550940245,-0.0032646672609515292,False,"{'mu': 0.4634661557957869, 'epsilon': 0.420826629556191, 'interactions': 5}"
deffuant,imwbcnt,38,0.34837861524978087,0.3496440320885583,-0.003632303429044219,False,"{'mu': 0.4634661557957869, 'epsilon': 0.420826629556191, 'interactions': 5}"
deffuant,imwbcnt,39,0.34837861524978087,0.34909256225914254,-0.0020493422331614246,False,"{'mu': 0.4634661557957869, 'epsilon': 0.420826629556191, 'interactions': 5}"
deffuant,imwbcnt,40,0.34837861524978087,0.3486407322542251,-0.0007523912001782773,False,"{'mu': 0.2743119300478849, 'epsilon': 0.46360422309429916, 'interactions': 22}"
deffuant,imwbcnt,41,0.34837861524978087,0.34926662719116036,-0.002548985220412592,False,"{'mu': 0.2743119300478849, 'epsilon': 0.46360422309429916, 'interactions': 22}"
deffuant,imwbcnt,42,0.34837861524978087,0.349628766026511,-0.0035884831100605748,False,"{'mu': 0.2743119300478849, 'epsilon': 0.46360422309429916, 'interactions': 22}"
deffuant,imwbcnt,43,0.34837861524978087,0.35018018032017256,-0.005171284893879062,False,"{'mu': 0.2743119300478849, 'epsilon': 0.46360422309429916, 'interactions': 22}"
deffuant,imwbcnt,44,0.34837861524978087,0.3506664844332305,-0.006567191794505766,False,"{'mu': 0.2743119300478849, 'epsilon': 0.46360422309429916, 'interactions': 22}"
deffuant,imwbcnt,45,0.34837861524978087,0.34904766007707577,-0.0019204532023735564,False,"{'mu': 0.2743119300478849, 'epsilon': 0.46360422309429916, 'interactions': 22}"
deffuant,imwbcnt,46,0.34837861524978087,0.348862664888548,-0.001389435566876234,False,"{'mu': 0.2743119300478849, 'epsilon': 0.46360422309429916, 'interactions': 22}"
deffuant,imwbcnt,47,0.34837861524978087,0.3497094873322604,-0.00382018879524322,False,"{'mu': 0.2743119300478849, 'epsilon': 0.46360422309429916, 'interactions': 22}"
deffuant,imwbcnt,48,0.34837861524978087,0.3504376399819484,-0.0059103074701965614,False,"{'mu': 0.2743119300478849, 'epsilon': 0.46360422309429916, 'interactions': 22}"
deffuant,imwbcnt,49,0.34837861524978087,0.3491828504549943,-0.0023085091047762,False,"{'mu': 0.2743119300478849, 'epsilon': 0.46360422309429916, 'interactions': 22}"
deffuant,imwbcnt,50,0.34837861524978087,0.3493050423590661,-0.0026592536646401913,False,"{'mu': 0.39822837114687737, 'epsilon': 0.5251519402622659, 'interactions': 9}"
deffuant,imwbcnt,51,0.34837861524978087,0.3497054980922266,-0.0038087379200769933,False,"{'mu': 0.39822837114687737, 'epsilon': 0.5251519402622659, 'interactions': 9}"
deffuant,imwbcnt,52,0.34837861524978087,0.3485370881463742,-0.0004548869811647254,False,"{'mu': 0.39822837114687737, 'epsilon': 0.5251519402622659, 'interactions': 9}"
deffuant,imwbcnt,53,0.34837861524978087,0.3496366290665924,-0.003611053496809893,False,"{'mu': 0.39822837114687737, 'epsilon': 0.5251519402622659, 'interactions': 9}"
deffuant,imwbcnt,54,0.34837861524978087,0.3498475919513787,-0.004216609852888409,False,"{'mu': 0.39822837114687737, 'epsilon': 0.5251519402622659, 'interactions': 9}"
deffuant,imwbcnt,55,0.34837861524978087,0.3476774758983348,0.002012578616352076,True,"{'mu': 0.39822837114687737, 'epsilon': 0.5251519402622659, 'interactions': 9}"
deffuant,imwbcnt,56,0.34837861524978087,0.349140124943867,-0.002185868077867315,False,"{'mu': 0.39822837114687737, 'epsilon': 0.5251519402622659, 'interactions': 9}"
deffuant,imwbcnt,57,0.34837861524978087,0.3492519340423258,-0.002506809414575511,False,"{'mu': 0.39822837114687737, 'epsilon': 0.5251519402622659, 'interactions': 9}"
deffuant,imwbcnt,58,0.34837861524978087,0.3492503813439445,-0.002502352486643239,False,"{'mu': 0.39822837114687737, 'epsilon': 0.5251519402622659, 'interactions': 9}"
deffuant,imwbcnt,59,0.34837861524978087,0.3502633069274261,-0.005409894853316193,False,"{'mu': 0.39822837114687737, 'epsilon': 0.5251519402622659, 'interactions': 9}"
deffuant,imwbcnt,60,0.34837861524978087,0.3495657555844507,-0.003407615400901303,False,"{'mu': 0.462105934881859, 'epsilon': 0.37994130376932767, 'interactions': 12}"
deffuant,imwbcnt,61,0.34837861524978087,0.34978089395267303,-0.004025157232704311,False,"{'mu': 0.462105934881859, 'epsilon': 0.37994130376932767, 'interactions': 12}"
deffuant,imwbcnt,62,0.34837861524978087,0.34831089959603057,0.00019437373818639536,True,"{'mu': 0.462105934881859, 'epsilon': 0.37994130376932767, 'interactions': 12}"
deffuant,imwbcnt,63,0.34837861524978087,0.35032132607952676,-0.005576435362868098,False,"{'mu': 0.462105934881859, 'epsilon': 0.37994130376932767, 'interactions': 12}"
deffuant,imwbcnt,64,0.34837861524978087,0.34783947622607597,0.0015475663548359326,True,"{'mu': 0.462105934881859, 'epsilon': 0.37994130376932767, 'interactions': 12}"
deffuant,imwbcnt,65,0.34837861524978087,0.34986189411654367,-0.004257663363462542,False,"{'mu': 0.462105934881859, 'epsilon': 0.37994130376932767, 'interactions': 12}"
deffuant,imwbcnt,66,0.34837861524978087,0.35083389608299104,-0.007047736932560518,False,"{'mu': 0.462105934881859, 'epsilon': 0.37994130376932767, 'interactions': 12}"
deffuant,imwbcnt,67,0.34837861524978087,0.34925503943908853,-0.0025157232704403737,False,"{'mu': 0.462105934881859, 'epsilon': 0.37994130376932767, 'interactions': 12}"
deffuant,imwbcnt,68,0.34837861524978087,0.34839189975990115,-3.813239257167637e-05,False,"{'mu': 0.462105934881859, 'epsilon': 0.37994130376932767, 'interactions': 12}"
deffuant,imwbcnt,69,0.34837861524978087,0.3496056091148116,-0.0035220125786164917,False,"{'mu': 0.462105934881859, 'epsilon': 0.37994130376932767, 'interactions': 12}"
deffuant,imwbcnt,70,0.34837861524978087,0.3493590161923695,-0.0028141823282857984,False,"{'mu': 0.11624322686822802, 'epsilon': 0.7999418638806226, 'interactions': 35}"
deffuant,imwbcnt,71,0.34837861524978087,0.34958832245305765,-0.0034723922489026814,False,"{'mu': 0.11624322686822802, 'epsilon': 0.7999418638806226, 'interactions': 35}"
deffuant,imwbcnt,72,0.34837861524978087,0.3507586562042083,-0.006831765355979182,False,"{'mu': 0.11624322686822802, 'epsilon': 0.7999418638806226, 'interactions': 35}"
deffuant,imwbcnt,73,0.34837861524978087,0.35097485900090614,-0.007452362566123106,False,"{'mu': 0.11624322686822802, 'epsilon': 0.7999418638806226, 'interactions': 35}"
deffuant,imwbcnt,74,0.34837861524978087,0.35071900293953223,-0.00671794302894669,False,"{'mu': 0.11624322686822802, 'epsilon': 0.7999418638806226, 'interactions': 35}"
deffuant,imwbcnt,75,0.34837861524978087,0.35047774655802244,-0.006025431000512295,False,"{'mu': 0.11624322686822802, 'epsilon': 0.7999418638806226, 'interactions': 35}"
deffuant,imwbcnt,76,0.34837861524978087,0.3508369663431512,-0.007056549930907055,False,"{'mu': 0.11624322686822802, 'epsilon': 0.7999418638806226, 'interactions': 35}"
deffuant,imwbcnt,77,0.34837861524978087,0.34966982515375405,-0.0037063408815934825,False,"{'mu': 0.11624322686822802, 'epsilon': 0.7999418638806226, 'interactions': 35}"
deffuant,imwbcnt,78,0.34837861524978087,0.35024938143024675,-0.005369922545689506,False,"{'mu': 0.11624322686822802, 'epsilon': 0.7999418638806226, 'interactions': 35}"
deffuant,imwbcnt,79,0.34837861524978087,0.35058866230551083,-0.0063438080266362135,False,"{'mu': 0.11624322686822802, 'epsilon': 0.7999418638806226, 'interactions': 35}"
deffuant,imwbcnt,80,0.34837861524978087,0.3482352924190312,0.00041139962235320555,True,"{'mu': 0.16353134988539947, 'epsilon': 0.6886848659764089, 'interactions': 6}"
deffuant,imwbcnt,81,0.34837861524978087,0.3488978748814416,-0.001490503747735545,False,"{'mu': 0.16353134988539947, 'epsilon': 0.6886848659764089, 'interactions': 6}"
deffuant,imwbcnt,82,0.34837861524978087,0.34857926721283045,-0.0005759594712945196,False,"{'mu': 0.16353134988539947, 'epsilon': 0.6886848659764089, 'interactions': 6}"
deffuant,imwbcnt,83,0.34837861524978087,0.3480346404559816,0.0009873590936477251,True,"{'mu': 0.16353134988539947, 'epsilon': 0.6886848659764089, 'interactions': 6}"
deffuant,imwbcnt,84,0.34837861524978087,0.3491525585358292,-0.0022215579607073417,False,"{'mu': 0.16353134988539947, 'epsilon': 0.6886848659764089, 'interactions': 6}"
deffuant,imwbcnt,85,0.34837861524978087,0.3484359443820807,-0.00016455984894115475,False,"{'mu': 0.16353134988539947, 'epsilon': 0.6886848659764089, 'interactions': 6}"
deffuant,imwbcnt,86,0.34837861524978087,0.3482639569851811,0.00032911969788262816,True,"{'mu': 0.16353134988539947, 'epsilon': 0.6886848659764089, 'interactions': 6}"
deffuant,imwbcnt,87,0.34837861524978087,0.34889787488144164,-0.0014905037477357043,False,"{'mu': 0.16353134988539947, 'epsilon': 0.6886848659764089, 'interactions': 6}"
deffuant,imwbcnt,88,0.34837861524978087,0.34903790027122944,-0.0018924382628247136,False,"{'mu': 0.16353134988539947, 'epsilon': 0.6886848659764089, 'interactions': 6}"
deffuant,imwbcnt,89,0.34837861524978087,0.3488945774404798,-0.0014810386404716675,False,"{'mu': 0.16353134988539947, 'epsilon': 0.6886848659764089, 'interactions': 6}"
deffuant,imwbcnt,90,0.34837861524978087,0.34924114188070504,-0.0024758311594578245,False,"{'mu': 0.4900893036777609, 'epsilon': 0.676072420242693, 'interactions': 12}"
deffuant,imwbcnt,91,0.34837861524978087,0.3501999969045496,-0.005228167215323633,False,"{'mu': 0.4900893036777609, 'epsilon': 0.676072420242693, 'interactions': 12}"
deffuant,imwbcnt,92,0.34837861524978087,0.3508837643080163,-0.007190880692947562,False,"{'mu': 0.4900893036777609, 'epsilon': 0.676072420242693, 'interactions': 12}"
deffuant,imwbcnt,93,0.34837861524978087,0.3504924564729068,-0.006067654932293498,False,"{'mu': 0.4900893036777609, 'epsilon': 0.676072420242693, 'interactions': 12}"
deffuant,imwbcnt,94,0.34837861524978087,0.35161269877622936,-0.009283243531264737,False,"{'mu': 0.4900893036777609, 'epsilon': 0.676072420242693, 'interactions': 12}"
deffuant,imwbcnt,95,0.34837861524978087,0.35169165522117046,-0.009509883288944733,False,"{'mu': 0.4900893036777609, 'epsilon': 0.676072420242693, 'interactions': 12}"
deffuant,imwbcnt,96,0.34837861524978087,0.35069805630136713,-0.006657816955622471,False,"{'mu': 0.4900893036777609, 'epsilon': 0.676072420242693, 'interactions': 12}"
deffuant,imwbcnt,97,0.34837861524978087,0.34872223614631215,-0.0009863432526847635,False,"{'mu': 0.4900893036777609, 'epsilon': 0.676072420242693, 'interactions': 12}"
deffuant,imwbcnt,98,0.34837861524978087,0.3496021347252157,-0.0035120395508707347,False,"{'mu': 0.4900893036777609, 'epsilon': 0.676072420242693, 'interactions': 12}"
deffuant,imwbcnt,99,0.34837861524978087,0.3513991956528132,-0.008670395571974548,False,"{'mu': 0.4900893036777609, 'epsilon': 0.676072420242693, 'interactions': 12}"
deffuant,stfdem,0,0.47716330513988287,0.47739704299034746,-0.0004898487539733966,False,"{'mu': 0.2566107686886193, 'epsilon': 0.9083232312219695, 'interactions': 6}"
deffuant,stfdem,1,0.47716330513988287,0.47699634953240816,0.0003498919671238381,True,"{'mu': 0.2566107686886193, 'epsilon': 0.9083232312219695, 'interactions': 6}"
deffuant,stfdem,2,0.47716330513988287,0.47729342875731945,-0.00027270248159262254,False,"{'mu': 0.2566107686886193, 'epsilon': 0.9083232312219695, 'interactions': 6}"
deffuant,stfdem,3,0.47716330513988287,0.47733026074735757,-0.0003498919671238381,False,"{'mu': 0.2566107686886193, 'epsilon': 0.9083232312219695, 'interactions': 6}"
deffuant,stfdem,4,0.47716330513988287,0.47742355237475603,-0.0005454049631852451,False,"{'mu': 0.2566107686886193, 'epsilon': 0.9083232312219695, 'interactions': 6}"
deffuant,stfdem,5,0.47716330513988287,0.47739360212180426,-0.00048263766186690217,False,"{'mu': 0.2566107686886193, 'epsilon': 0.9083232312219695, 'interactions': 6}"
deffuant,stfdem,6,0.47716330513988287,0.47755367599219256,-0.0008181074447777513,False,"{'mu': 0.2566107686886193, 'epsilon': 0.9083232312219695, 'interactions': 6}"
deffuant,stfdem,7,0.47716330513988287,0.47729342875731945,-0.00027270248159262254,False,"{'mu': 0.2566107686886193, 'epsilon': 0.9083232312219695, 'interactions': 6}"
deffuant,stfdem,8,0.47716330513988287,0.4774304341118424,-0.0005598271473981177,False,"{'mu': 0.2566107686886193, 'epsilon': 0.9083232312219695, 'interactions': 6}"
deffuant,stfdem,9,0.47716330513988287,0.4769295672894183,0.0004898487539732803,True,"{'mu': 0.2566107686886193, 'epsilon': 0.9083232312219695, 'interactions': 6}"
deffuant,stfdem,10,0.47716330513988287,0.47716330513988287,0.0,False,"{'mu': 0.29470794369754527, 'epsilon': 0.16861284504730217, 'interactions': 13}"
deffuant,stfdem,11,0.47716330513988287,0.4772783505310465,-0.0002411027627740804,False,"{'mu': 0.29470794369754527, 'epsilon': 0.16861284504730217, 'interactions': 13}"
deffuant,stfdem,12,0.47716330513988287,0.47716330513988287,0.0,False,"{'mu': 0.29470794369754527, 'epsilon': 0.16861284504730217, 'interactions': 13}"
deffuant,stfdem,13,0.47716330513988287,0.47716330513988287,0.0,False,"{'mu': 0.29470794369754527, 'epsilon': 0.16861284504730217, 'interactions': 13}"
deffuant,stfdem,14,0.47716330513988287,0.47720165360360406,-8.036758759132135e-05,False,"{'mu': 0.29470794369754527, 'epsilon': 0.16861284504730217, 'interactions': 13}"
deffuant,stfdem,15,0.47716330513988287,0.47720165360360406,-8.036758759132135e-05,False,"{'mu': 0.29470794369754527, 'epsilon': 0.16861284504730217, 'interactions': 13}"
deffuant,stfdem,16,0.47716330513988287,0.47716330513988287,0.0,False,"{'mu': 0.29470794369754527, 'epsilon': 0.16861284504730217, 'interactions': 13}"
deffuant,stfdem,17,0.47716330513988287,0.47716330513988287,0.0,False,"{'mu': 0.29470794369754527, 'epsilon': 0.16861284504730217, 'interactions': 13}"
deffuant,stfdem,18,0.47716330513988287,0.47716330513988287,0.0,False,"{'mu': 0.29470794369754527, 'epsilon': 0.16861284504730217, 'interactions': 13}"
deffuant,stfdem,19,0.47716330513988287,0.47720165360360406,-8.036758759132135e-05,False,"{'mu': 0.29470794369754527, 'epsilon': 0.16861284504730217, 'interactions': 13}"
deffuant,stfdem,20,0.47716330513988287,0.47716330513988287,0.0,False,"{'mu': 0.4602931655952156, 'epsilon': 0.48777145712743064, 'interactions': 2}"
deffuant,stfdem,21,0.47716330513988287,0.47716330513988287,0.0,False,"{'mu': 0.4602931655952156, 'epsilon': 0.48777145712743064, 'interactions': 2}"
deffuant,stfdem,22,0.47716330513988287,0.47716330513988287,0.0,False,"{'mu': 0.4602931655952156, 'epsilon': 0.48777145712743064, 'interactions': 2}"
deffuant,stfdem,23,0.47716330513988287,0.47729342875731945,-0.00027270248159262254,False,"{'mu': 0.4602931655952156, 'epsilon': 0.48777145712743064, 'interactions': 2}"
deffuant,stfdem,24,0.47716330513988287,0.47716330513988287,0.0,False,"{'mu': 0.4602931655952156, 'epsilon': 0.48777145712743064, 'interactions': 2}"
deffuant,stfdem,25,0.47716330513988287,0.47742355237475603,-0.0005454049631852451,False,"{'mu': 0.4602931655952156, 'epsilon': 0.48777145712743064, 'interactions': 2}"
deffuant,stfdem,26,0.47716330513988287,0.47716330513988287,0.0,False,"{'mu': 0.4602931655952156, 'epsilon': 0.48777145712743064, 'interactions': 2}"
deffuant,stfdem,27,0.47716330513988287,0.4772934287573195,-0.0002727024815927389,False,"{'mu': 0.4602931655952156, 'epsilon': 0.48777145712743064, 'interactions': 2}"
deffuant,stfdem,28,0.47716330513988287,0.4771633051398829,-1.163357505351013e-16,False,"{'mu': 0.4602931655952156, 'epsilon': 0.48777145712743064, 'interactions': 2}"
deffuant,stfdem,29,0.47716330513988287,0.47729342875731945,-0.00027270248159262254,False,"{'mu': 0.4602931655952156, 'epsilon': 0.48777145712743064, 'interactions': 2}"
deffuant,stfdem,30,0.47716330513988287,0.47723419915056775,-0.00014857389476775144,False,"{'mu': 0.151726509295667, 'epsilon': 0.8782347591350218, 'interactions': 20}"
deffuant,stfdem,31,0.47716330513988287,0.47800059843272447,-0.0017547311032145361,False,"{'mu': 0.151726509295667, 'epsilon': 0.8782347591350218, 'interactions': 20}"
deffuant,stfdem,32,0.47716330513988287,0.47741996676914034,-0.0005378905429080075,False,"{'mu': 0.151726509295667, 'epsilon': 0.8782347591350218, 'interactions': 20}"
deffuant,stfdem,33,0.47716330513988287,0.47781841641976747,-0.0013729288753512852,False,"{'mu': 0.151726509295667, 'epsilon': 0.8782347591350218, 'interactions': 20}"
deffuant,stfdem,34,0.47716330513988287,0.4772620211511358,-0.0002068809780416845,False,"{'mu': 0.151726509295667, 'epsilon': 0.8782347591350218, 'interactions': 20}"
deffuant,stfdem,35,0.47716330513988287,0.4775581691848944,-0.0008275239121662727,False,"{'mu': 0.151726509295667, 'epsilon': 0.8782347591350218, 'interactions': 20}"
deffuant,stfdem,36,0.47716330513988287,0.4779691908265408,-0.0016889095996635982,False,"{'mu': 0.151726509295667, 'epsilon': 0.8782347591350218, 'interactions': 20}"
deffuant,stfdem,37,0.47716330513988287,0.47737240156632177,-0.00043820726402590035,False,"{'mu': 0.151726509295667, 'epsilon': 0.8782347591350218, 'interactions': 20}"
deffuant,stfdem,38,0.47716330513988287,0.47736073716238864,-0.00041376195608313634,False,"{'mu': 0.151726509295667, 'epsilon': 0.8782347591350218, 'interactions': 20}"
deffuant,stfdem,39,0.47716330513988287,0.4773804803646392,-0.00045513815169142673,False,"{'mu': 0.151726509295667, 'epsilon': 0.8782347591350218, 'interactions': 20}"
deffuant,stfdem,40,0.47716330513988287,0.47716330513988287,0.0,False,"{'mu': 0.39862527836195927, 'epsilon': 0.8517732235506991, 'interactions': 2}"
deffuant,stfdem,41,0.47716330513988287,0.47690305790500975,0.0005454049631851288,True,"{'mu': 0.39862527836195927, 'epsilon': 0.8517732235506991, 'interactions': 2}"
deffuant,stfdem,42,0.47716330513988287,0.47726704626632716,-0.00021741220526980332,False,"{'mu': 0.39862527836195927, 'epsilon': 0.8517732235506991, 'interactions': 2}"
deffuant,stfdem,43,0.47716330513988287,0.47716330513988287,0.0,False,"{'mu': 0.39862527836195927, 'epsilon': 0.8517732235506991, 'interactions': 2}"
deffuant,stfdem,44,0.47716330513988287,0.47726704626632716,-0.00021741220526980332,False,"{'mu': 0.39862527836195927, 'epsilon': 0.8517732235506991, 'interactions': 2}"
deffuant,stfdem,45,0.47716330513988287,0.477163305139883,-2.326715010702026e-16,False,"{'mu': 0.39862527836195927, 'epsilon': 0.8517732235506991, 'interactions': 2}"
deffuant,stfdem,46,0.47716330513988287,0.47716330513988287,0.0,False,"{'mu': 0.39862527836195927, 'epsilon': 0.8517732235506991, 'interactions': 2}"
deffuant,stfdem,47,0.47716330513988287,0.47716330513988287,0.0,False,"{'mu': 0.39862527836195927, 'epsilon': 0.8517732235506991, 'interactions': 2}"
deffuant,stfdem,48,0.47716330513988287,0.47742355237475603,-0.0005454049631852451,False,"{'mu': 0.39862527836195927, 'epsilon': 0.8517732235506991, 'interactions': 2}"
deffuant,stfdem,49,0.47716330513988287,0.4771633051398829,-1.163357505351013e-16,False,"{'mu': 0.39862527836195927, 'epsilon': 0.8517732235506991, 'interactions': 2}"
deffuant,stfdem,50,0.47716330513988287,0.47716330513988287,0.0,False,"{'mu': 0.4064581277300856, 'epsilon': 0.54238780082217, 'interactions': 1}"
deffuant,stfdem,51,0.47716330513988287,0.477163305139883,-2.326715010702026e-16,False,"{'mu': 0.4064581277300856, 'epsilon': 0.54238780082217, 'interactions': 1}"
deffuant,stfdem,52,0.47716330513988287,0.47729342875731945,-0.00027270248159262254,False,"{'mu': 0.4064581277300856, 'epsilon': 0.54238780082217, 'interactions': 1}"
deffuant,stfdem,53,0.47716330513988287,0.4772690847437163,-0.00022168428019092104,False,"{'mu': 0.4064581277300856, 'epsilon': 0.54238780082217, 'interactions': 1}"
deffuant,stfdem,54,0.47716330513988287,0.47716330513988287,0.0,False,"{'mu': 0.4064581277300856, 'epsilon': 0.54238780082217, 'interactions': 1}"
deffuant,stfdem,55,0.47716330513988287,0.47716330513988287,0.0,False,"{'mu': 0.4064581277300856, 'epsilon': 0.54238780082217, 'interactions': 1}"
deffuant,stfdem,56,0.47716330513988287,0.4771633051398829,-1.163357505351013e-16,False,"{'mu': 0.4064581277300856, 'epsilon': 0.54238780082217, 'interactions': 1}"
deffuant,stfdem,57,0.47716330513988287,0.477163305139883,-2.326715010702026e-16,False,"{'mu': 0.4064581277300856, 'epsilon': 0.54238780082217, 'interactions': 1}"
deffuant,stfdem,58,0.47716330513988287,0.47732197454563313,-0.0003325264202865561,False,"{'mu': 0.4064581277300856, 'epsilon': 0.54238780082217, 'interactions': 1}"
deffuant,stfdem,59,0.47716330513988287,0.477163305139883,-2.326715010702026e-16,False,"{'mu': 0.4064581277300856, 'epsilon': 0.54238780082217, 'interactions': 1}"
deffuant,stfdem,60,0.47716330513988287,0.4770331815224463,0.00027270248159262254,True,"{'mu': 0.34522691886211804, 'epsilon': 0.8383021736067297, 'interactions': 4}"
deffuant,stfdem,61,0.47716330513988287,0.47729342875731945,-0.00027270248159262254,False,"{'mu': 0.34522691886211804, 'epsilon': 0.8383021736067297, 'interactions': 4}"
deffuant,stfdem,62,0.47716330513988287,0.4771633051398829,-1.163357505351013e-16,False,"{'mu': 0.34522691886211804, 'epsilon': 0.8383021736067297, 'interactions': 4}"
deffuant,stfdem,63,0.47716330513988287,0.4774421240112356,-0.0005843258866500412,False,"{'mu': 0.34522691886211804, 'epsilon': 0.8383021736067297, 'interactions': 4}"
deffuant,stfdem,64,0.47716330513988287,0.47716330513988287,0.0,False,"{'mu': 0.34522691886211804, 'epsilon': 0.8383021736067297, 'interactions': 4}"
deffuant,stfdem,65,0.47716330513988287,0.4775180396349135,-0.0007434236690238755,False,"{'mu': 0.34522691886211804, 'epsilon': 0.8383021736067297, 'interactions': 4}"
deffuant,stfdem,66,0.47716330513988287,0.47716330513988287,0.0,False,"{'mu': 0.34522691886211804, 'epsilon': 0.8383021736067297, 'interactions': 4}"
deffuant,stfdem,67,0.47716330513988287,0.4772531494909205,-0.00018828847497254773,False,"{'mu': 0.34522691886211804, 'epsilon': 0.8383021736067297, 'interactions': 4}"
deffuant,stfdem,68,0.47716330513988287,0.4772934287573195,-0.0002727024815927389,False,"{'mu': 0.34522691886211804, 'epsilon': 0.8383021736067297, 'interactions': 4}"
deffuant,stfdem,69,0.47716330513988287,0.4771633051398829,-1.163357505351013e-16,False,"{'mu': 0.34522691886211804, 'epsilon': 0.8383021736067297, 'interactions': 4}"
deffuant,stfdem,70,0.47716330513988287,0.47716330513988287,0.0,False,"{'mu': 0.27522300887930695, 'epsilon': 0.09208990409994638, 'interactions': 696}"
deffuant,stfdem,71,0.47716330513988287,0.47716330513988287,0.0,False,"{'mu': 0.27522300887930695, 'epsilon': 0.09208990409994638, 'interactions': 696}"
deffuant,stfdem,72,0.47716330513988287,0.47716330513988287,0.0,False,"{'mu': 0.27522300887930695, 'epsilon': 0.09208990409994638, 'interactions': 696}"
deffuant,stfdem,73,0.47716330513988287,0.47716330513988287,0.0,False,"{'mu': 0.27522300887930695, 'epsilon': 0.09208990409994638, 'interactions': 696}"
deffuant,stfdem,74,0.47716330513988287,0.47716330513988287,0.0,False,"{'mu': 0.27522300887930695, 'epsilon': 0.09208990409994638, 'interactions': 696}"
deffuant,stfdem,75,0.47716330513988287,0.47716330513988287,0.0,False,"{'mu': 0.27522300887930695, 'epsilon': 0.09208990409994638, 'interactions': 696}"
deffuant,stfdem,76,0.47716330513988287,0.47716330513988287,0.0,False,"{'mu': 0.27522300887930695, 'epsilon': 0.09208990409994638, 'interactions': 696}"
deffuant,stfdem,77,0.47716330513988287,0.47716330513988287,0.0,False,"{'mu': 0.27522300887930695, 'epsilon': 0.09208990409994638, 'interactions': 696}"
deffuant,stfdem,78,0.47716330513988287,0.47716330513988287,0.0,False,"{'mu': 0.27522300887930695, 'epsilon': 0.09208990409994638, 'interactions': 696}"
deffuant,stfdem,79,0.47716330513988287,0.47716330513988287,0.0,False,"{'mu': 0.27522300887930695, 'epsilon': 0.09208990409994638, 'interactions': 696}"
deffuant,stfdem,80,0.47716330513988287,0.4774069517057365,-0.000510614632829324,False,"{'mu': 0.4362119292922887, 'epsilon': 0.7668763033809735, 'interactions': 4}"
deffuant,stfdem,81,0.47716330513988287,0.4771633051398829,-1.163357505351013e-16,False,"{'mu': 0.4362119292922887, 'epsilon': 0.7668763033809735, 'interactions': 4}"
deffuant,stfdem,82,0.47716330513988287,0.477163305139883,-2.326715010702026e-16,False,"{'mu': 0.4362119292922887, 'epsilon': 0.7668763033809735, 'interactions': 4}"
deffuant,stfdem,83,0.47716330513988287,0.47729342875731945,-0.00027270248159262254,False,"{'mu': 0.4362119292922887, 'epsilon': 0.7668763033809735, 'interactions': 4}"
deffuant,stfdem,84,0.47716330513988287,0.47729342875731945,-0.00027270248159262254,False,"{'mu': 0.4362119292922887, 'epsilon': 0.7668763033809735, 'interactions': 4}"
deffuant,stfdem,85,0.47716330513988287,0.47716330513988287,0.0,False,"{'mu': 0.4362119292922887, 'epsilon': 0.7668763033809735, 'interactions': 4}"
deffuant,stfdem,86,0.47716330513988287,0.47729342875731945,-0.00027270248159262254,False,"{'mu': 0.4362119292922887, 'epsilon': 0.7668763033809735, 'interactions': 4}"
deffuant,stfdem,87,0.47716330513988287,0.4772934287573194,-0.0002727024815925062,False,"{'mu': 0.4362119292922887, 'epsilon': 0.7668763033809735, 'interactions': 4}"
deffuant,stfdem,88,0.47716330513988287,0.477423552374756,-0.0005454049631851288,False,"{'mu': 0.4362119292922887, 'epsilon': 0.7668763033809735, 'interactions': 4}"
deffuant,stfdem,89,0.47716330513988287,0.47716330513988287,0.0,False,"{'mu': 0.4362119292922887, 'epsilon': 0.7668763033809735, 'interactions': 4}"
deffuant,stfdem,90,0.47716330513988287,0.47713387525202117,6.167676253535629e-05,True,"{'mu': 0.2261686882173798, 'epsilon': 0.9980650578268152, 'interactions': 5}"
deffuant,stfdem,91,0.47716330513988287,0.4773104545791915,-0.00030838381267713047,False,"{'mu': 0.2261686882173798, 'epsilon': 0.9980650578268152, 'interactions': 5}"
deffuant,stfdem,92,0.47716330513988287,0.47717570920587254,-2.5995431450964705e-05,False,"{'mu': 0.2261686882173798, 'epsilon': 0.9980650578268152, 'interactions': 5}"
deffuant,stfdem,93,0.47716330513988287,0.4773398844670532,-0.00037006057521248676,False,"{'mu': 0.2261686882173798, 'epsilon': 0.9980650578268152, 'interactions': 5}"
deffuant,stfdem,94,0.47716330513988287,0.4773522885330429,-0.00039605600666345147,False,"{'mu': 0.2261686882173798, 'epsilon': 0.9980650578268152, 'interactions': 5}"
deffuant,stfdem,95,0.47716330513988287,0.47735228853304296,-0.0003960560066635678,False,"{'mu': 0.2261686882173798, 'epsilon': 0.9980650578268152, 'interactions': 5}"
deffuant,stfdem,96,0.47716330513988287,0.477251594803468,-0.00018503028760618521,False,"{'mu': 0.2261686882173798, 'epsilon': 0.9980650578268152, 'interactions': 5}"
deffuant,stfdem,97,0.47716330513988287,0.4772764029354474,-0.00023702115050811464,False,"{'mu': 0.2261686882173798, 'epsilon': 0.9980650578268152, 'interactions': 5}"
deffuant,stfdem,98,0.47716330513988287,0.47716330513988287,0.0,False,"{'mu': 0.2261686882173798, 'epsilon': 0.9980650578268152, 'interactions': 5}"
deffuant,stfdem,99,0.47716330513988287,0.47738634017678705,-0.0004674186688324673,False,"{'mu': 0.2261686882173798, 'epsilon': 0.9980650578268152, 'interactions': 5}"
deffuant,trstun,0,0.3058933582787652,0.30768878901370866,-0.00586946622524337,False,"{'mu': 0.14671695141462626, 'epsilon': 0.9026595014980432, 'interactions': 55}"
deffuant,trstun,1,0.3058933582787652,0.3100810131276217,-0.013689917533417818,False,"{'mu': 0.14671695141462626, 'epsilon': 0.9026595014980432, 'interactions': 55}"
deffuant,trstun,2,0.3058933582787652,0.30645755801480484,-0.001844432776227516,False,"{'mu': 0.14671695141462626, 'epsilon': 0.9026595014980432, 'interactions': 55}"
deffuant,trstun,3,0.3058933582787652,0.3096243377060358,-0.012196993907499403,False,"{'mu': 0.14671695141462626, 'epsilon': 0.9026595014980432, 'interactions': 55}"
deffuant,trstun,4,0.3058933582787652,0.3092916214321966,-0.011109306761523417,False,"{'mu': 0.14671695141462626, 'epsilon': 0.9026595014980432, 'interactions': 55}"
deffuant,trstun,5,0.3058933582787652,0.31012166198284585,-0.013822803240557303,False,"{'mu': 0.14671695141462626, 'epsilon': 0.9026595014980432, 'interactions': 55}"
deffuant,trstun,6,0.3058933582787652,0.3100851459111492,-0.013703428070393073,False,"{'mu': 0.14671695141462626, 'epsilon': 0.9026595014980432, 'interactions': 55}"
deffuant,trstun,7,0.3058933582787652,0.3079734066057745,-0.006799913338143584,False,"{'mu': 0.14671695141462626, 'epsilon': 0.9026595014980432, 'interactions': 55}"
deffuant,trstun,8,0.3058933582787652,0.30933256685625643,-0.011243161985743561,False,"{'mu': 0.14671695141462626, 'epsilon': 0.9026595014980432, 'interactions': 55}"
deffuant,trstun,9,0.3058933582787652,0.3086264143829699,-0.008934669649525497,False,"{'mu': 0.14671695141462626, 'epsilon': 0.9026595014980432, 'interactions': 55}"
deffuant,trstun,10,0.3058933582787652,0.3100928733852196,-0.013728690057491744,False,"{'mu': 0.3561305440881732, 'epsilon': 0.5835900046736565, 'interactions': 38}"
deffuant,trstun,11,0.3058933582787652,0.3096379826875892,-0.012241600896124957,False,"{'mu': 0.3561305440881732, 'epsilon': 0.5835900046736565, 'interactions': 38}"
deffuant,trstun,12,0.3058933582787652,0.3109431622525446,-0.016508380574832383,False,"{'mu': 0.3561305440881732, 'epsilon': 0.5835900046736565, 'interactions': 38}"
deffuant,trstun,13,0.3058933582787652,0.3125288206754984,-0.021692077376476552,False,"{'mu': 0.3561305440881732, 'epsilon': 0.5835900046736565, 'interactions': 38}"
deffuant,trstun,14,0.3058933582787652,0.3076824740085388,-0.005848821758801283,False,"{'mu': 0.3561305440881732, 'epsilon': 0.5835900046736565, 'interactions': 38}"
deffuant,trstun,15,0.3058933582787652,0.3067832172818019,-0.0029090497683372015,False,"{'mu': 0.3561305440881732, 'epsilon': 0.5835900046736565, 'interactions': 38}"
deffuant,trstun,16,0.3058933582787652,0.31330812052515367,-0.02423969676265838,False,"{'mu': 0.3561305440881732, 'epsilon': 0.5835900046736565, 'interactions': 38}"
deffuant,trstun,17,0.3058933582787652,0.3101901549765642,-0.01404671458699439,False,"{'mu': 0.3561305440881732, 'epsilon': 0.5835900046736565, 'interactions': 38}"
deffuant,trstun,18,0.3058933582787652,0.31055918853506476,-0.015253127045823382,False,"{'mu': 0.3561305440881732, 'epsilon': 0.5835900046736565, 'interactions': 38}"
deffuant,trstun,19,0.3058933582787652,0.3102337154374216,-0.014189118662396737,False,"{'mu': 0.3561305440881732, 'epsilon': 0.5835900046736565, 'interactions': 38}"
deffuant,trstun,20,0.3058933582787652,0.30890209815619174,-0.009835911097764499,False,"{'mu': 0.3649919851310726, 'epsilon': 0.7975707556596655, 'interactions': 36}"
deffuant,trstun,21,0.3058933582787652,0.3115197932879161,-0.018393452675175406,False,"{'mu': 0.3649919851310726, 'epsilon': 0.7975707556596655, 'interactions': 36}"
deffuant,trstun,22,0.3058933582787652,0.311749701286369,-0.019145047936172645,False,"{'mu': 0.3649919851310726, 'epsilon': 0.7975707556596655, 'interactions': 36}"
deffuant,trstun,23,0.3058933582787652,0.31285647303615444,-0.02276321001727558,False,"{'mu': 0.3649919851310726, 'epsilon': 0.7975707556596655, 'interactions': 36}"
deffuant,trstun,24,0.3058933582787652,0.3089725052825257,-0.01006607996030572,False,"{'mu': 0.3649919851310726, 'epsilon': 0.7975707556596655, 'interactions': 36}"
deffuant,trstun,25,0.3058933582787652,0.3133254404178708,-0.024296317451693916,False,"{'mu': 0.3649919851310726, 'epsilon': 0.7975707556596655, 'interactions': 36}"
deffuant,trstun,26,0.3058933582787652,0.30876284747414606,-0.009380684861963797,False,"{'mu': 0.3649919851310726, 'epsilon': 0.7975707556596655, 'interactions': 36}"
deffuant,trstun,27,0.3058933582787652,0.31507324455141605,-0.030010086928023802,False,"{'mu': 0.3649919851310726, 'epsilon': 0.7975707556596655, 'interactions': 36}"
deffuant,trstun,28,0.3058933582787652,0.3120025975772171,-0.01997179452613181,False,"{'mu': 0.3649919851310726, 'epsilon': 0.7975707556596655, 'interactions': 36}"
deffuant,trstun,29,0.3058933582787652,0.3107146637399387,-0.015761393082552037,False,"{'mu': 0.3649919851310726, 'epsilon': 0.7975707556596655, 'interactions': 36}"
deffuant,trstun,30,0.3058933582787652,0.31014078627813424,-0.013885322725766126,False,"{'mu': 0.24960086266073656, 'epsilon': 0.9738719011542486, 'interactions': 35}"
deffuant,trstun,31,0.3058933582787652,0.3092422414826728,-0.010947878119196529,False,"{'mu': 0.24960086266073656, 'epsilon': 0.9738719011542486, 'interactions': 35}"
deffuant,trstun,32,0.3058933582787652,0.30970899743727476,-0.012473756148155159,False,"{'mu': 0.24960086266073656, 'epsilon': 0.9738719011542486, 'interactions': 35}"
deffuant,trstun,33,0.3058933582787652,0.30891557955762794,-0.009879983324477946,False,"{'mu': 0.24960086266073656, 'epsilon': 0.9738719011542486, 'interactions': 35}"
deffuant,trstun,34,0.3058933582787652,0.3111574572858168,-0.017208935286049432,False,"{'mu': 0.24960086266073656, 'epsilon': 0.9738719011542486, 'interactions': 35}"
deffuant,trstun,35,0.3058933582787652,0.3081104307818713,-0.007247860874068562,False,"{'mu': 0.24960086266073656, 'epsilon': 0.9738719011542486, 'interactions': 35}"
deffuant,trstun,36,0.3058933582787652,0.3096622253486334,-0.012320852898131925,False,"{'mu': 0.24960086266073656, 'epsilon': 0.9738719011542486, 'interactions': 35}"
deffuant,trstun,37,0.3058933582787652,0.3068398704381528,-0.0030942553467442533,False,"{'mu': 0.24960086266073656, 'epsilon': 0.9738719011542486, 'interactions': 35}"
deffuant,trstun,38,0.3058933582787652,0.3078060348968727,-0.0062527562836603365,False,"{'mu': 0.24960086266073656, 'epsilon': 0.9738719011542486, 'interactions': 35}"
deffuant,trstun,39,0.3058933582787652,0.30684577645363653,-0.0031135627796253004,False,"{'mu': 0.24960086266073656, 'epsilon': 0.9738719011542486, 'interactions': 35}"
deffuant,trstun,40,0.3058933582787652,0.3086589580459744,-0.009041058566197637,False,"{'mu': 0.41835051966705133, 'epsilon': 0.806558767386907, 'interactions': 19}"
deffuant,trstun,41,0.3058933582787652,0.30758473572909434,-0.005529304264225898,False,"{'mu': 0.41835051966705133, 'epsilon': 0.806558767386907, 'interactions': 19}"
deffuant,trstun,42,0.3058933582787652,0.3078730868999687,-0.0064719568687049926,False,"{'mu': 0.41835051966705133, 'epsilon': 0.806558767386907, 'interactions': 19}"
deffuant,trstun,43,0.3058933582787652,0.30512457613335786,0.0025132358209187335,True,"{'mu': 0.41835051966705133, 'epsilon': 0.806558767386907, 'interactions': 19}"
deffuant,trstun,44,0.3058933582787652,0.30850680376233464,-0.008543648996745402,False,"{'mu': 0.41835051966705133, 'epsilon': 0.806558767386907, 'interactions': 19}"
deffuant,trstun,45,0.3058933582787652,0.3081727792697232,-0.007451685135578341,False,"{'mu': 0.41835051966705133, 'epsilon': 0.806558767386907, 'interactions': 19}"
deffuant,trstun,46,0.3058933582787652,0.30758193903051345,-0.005520161540118962,False,"{'mu': 0.41835051966705133, 'epsilon': 0.806558767386907, 'interactions': 19}"
deffuant,trstun,47,0.3058933582787652,0.30758571943014007,-0.0055325200942500175,False,"{'mu': 0.41835051966705133, 'epsilon': 0.806558767386907, 'interactions': 19}"
deffuant,trstun,48,0.3058933582787652,0.30614752522993005,-0.0008309005223096184,False,"{'mu': 0.41835051966705133, 'epsilon': 0.806558767386907, 'interactions': 19}"
deffuant,trstun,49,0.3058933582787652,0.3073595324676022,-0.004793089320693578,False,"{'mu': 0.41835051966705133, 'epsilon': 0.806558767386907, 'interactions': 19}"
deffuant,trstun,50,0.3058933582787652,0.31349595573065636,-0.024853751302971475,False,"{'mu': 0.3623180279943686, 'epsilon': 0.9874217378638945, 'interactions': 59}"
deffuant,trstun,51,0.3058933582787652,0.3139821278722553,-0.02644310304416196,False,"{'mu': 0.3623180279943686, 'epsilon': 0.9874217378638945, 'interactions': 59}"
deffuant,trstun,52,0.3058933582787652,0.3150548997005382,-0.029950115534786968,False,"{'mu': 0.3623180279943686, 'epsilon': 0.9874217378638945, 'interactions': 59}"
deffuant,trstun,53,0.3058933582787652,0.31322331234191786,-0.02396244921562756,False,"{'mu': 0.3623180279943686, 'epsilon': 0.9874217378638945, 'interactions': 59}"
deffuant,trstun,54,0.3058933582787652,0.3133096485469297,-0.024244692038739732,False,"{'mu': 0.3623180279943686, 'epsilon': 0.9874217378638945, 'interactions': 59}"
deffuant,trstun,55,0.3058933582787652,0.3137838479500128,-0.025794903543008254,False,"{'mu': 0.3623180279943686, 'epsilon': 0.9874217378638945, 'interactions': 59}"
deffuant,trstun,56,0.3058933582787652,0.31494993403597255,-0.029606970900473005,False,"{'mu': 0.3623180279943686, 'epsilon': 0.9874217378638945, 'interactions': 59}"
deffuant,trstun,57,0.3058933582787652,0.31379104078660314,-0.025818417739690444,False,"{'mu': 0.3623180279943686, 'epsilon': 0.9874217378638945, 'interactions': 59}"
deffuant,trstun,58,0.3058933582787652,0.31572546085405895,-0.03214225581953834,False,"{'mu': 0.3623180279943686, 'epsilon': 0.9874217378638945, 'interactions': 59}"
deffuant,trstun,59,0.3058933582787652,0.31365974833422433,-0.025389207857143214,False,"{'mu': 0.3623180279943686, 'epsilon': 0.9874217378638945, 'interactions': 59}"
deffuant,trstun,60,0.3058933582787652,0.31781865835696615,-0.03898515530151939,False,"{'mu': 0.2673857665113712, 'epsilon': 0.9454220694913115, 'interactions': 79}"
deffuant,trstun,61,0.3058933582787652,0.3162386792347971,-0.033820024776752645,False,"{'mu': 0.2673857665113712, 'epsilon': 0.9454220694913115, 'interactions': 79}"
deffuant,trstun,62,0.3058933582787652,0.3166572557144449,-0.03518839865058605,False,"{'mu': 0.2673857665113712, 'epsilon': 0.9454220694913115, 'interactions': 79}"
deffuant,trstun,63,0.3058933582787652,0.3125039762191045,-0.0216108580373783,False,"{'mu': 0.2673857665113712, 'epsilon': 0.9454220694913115, 'interactions': 79}"
deffuant,trstun,64,0.3058933582787652,0.3194173390187736,-0.04421142327544042,False,"{'mu': 0.2673857665113712, 'epsilon': 0.9454220694913115, 'interactions': 79}"
deffuant,trstun,65,0.3058933582787652,0.31854530325619385,-0.041360639696853954,False,"{'mu': 0.2673857665113712, 'epsilon': 0.9454220694913115, 'interactions': 79}"
deffuant,trstun,66,0.3058933582787652,0.3158477311744518,-0.03254197133177065,False,"{'mu': 0.2673857665113712, 'epsilon': 0.9454220694913115, 'interactions': 79}"
deffuant,trstun,67,0.3058933582787652,0.31812888344097884,-0.03999931620307767,False,"{'mu': 0.2673857665113712, 'epsilon': 0.9454220694913115, 'interactions': 79}"
deffuant,trstun,68,0.3058933582787652,0.31737047434047383,-0.03751999103965304,False,"{'mu': 0.2673857665113712, 'epsilon': 0.9454220694913115, 'interactions': 79}"
deffuant,trstun,69,0.3058933582787652,0.32179204104883175,-0.05197459290887204,False,"{'mu': 0.2673857665113712, 'epsilon': 0.9454220694913115, 'interactions': 79}"
deffuant,trstun,70,0.3058933582787652,0.31912641470950376,-0.04326035879039614,False,"{'mu': 0.39286802035202095, 'epsilon': 0.995094130118558, 'interactions': 83}"
deffuant,trstun,71,0.3058933582787652,0.3240659446990965,-0.05940824123343785,False,"{'mu': 0.39286802035202095, 'epsilon': 0.995094130118558, 'interactions': 83}"
deffuant,trstun,72,0.3058933582787652,0.32305858286456596,-0.05611506141351997,False,"{'mu': 0.39286802035202095, 'epsilon': 0.995094130118558, 'interactions': 83}"
deffuant,trstun,73,0.3058933582787652,0.32074890157218877,-0.04856445192865388,False,"{'mu': 0.39286802035202095, 'epsilon': 0.995094130118558, 'interactions': 83}"
deffuant,trstun,74,0.3058933582787652,0.3294771865310529,-0.07709820306328921,False,"{'mu': 0.39286802035202095, 'epsilon': 0.995094130118558, 'interactions': 83}"
deffuant,trstun,75,0.3058933582787652,0.3192178190320555,-0.04355916986320285,False,"{'mu': 0.39286802035202095, 'epsilon': 0.995094130118558, 'interactions': 83}"
deffuant,trstun,76,0.3058933582787652,0.3218215857635016,-0.0520711779241078,False,"{'mu': 0.39286802035202095, 'epsilon': 0.995094130118558, 'interactions': 83}"
deffuant,trstun,77,0.3058933582787652,0.324217441830144,-0.059903502496709365,False,"{'mu': 0.39286802035202095, 'epsilon': 0.995094130118558, 'interactions': 83}"
deffuant,trstun,78,0.3058933582787652,0.3218554041900503,-0.0521817341870453,False,"{'mu': 0.39286802035202095, 'epsilon': 0.995094130118558, 'interactions': 83}"
deffuant,trstun,79,0.3058933582787652,0.32459177936648165,-0.06112725425923212,False,"{'mu': 0.39286802035202095, 'epsilon': 0.995094130118558, 'interactions': 83}"
deffuant,trstun,80,0.3058933582787652,0.3204278896164476,-0.04751502752288222,False,"{'mu': 0.3247887105135384, 'epsilon': 0.9885449787116366, 'interactions': 85}"
deffuant,trstun,81,0.3058933582787652,0.32010736006576246,-0.0464671801538229,False,"{'mu': 0.3247887105135384, 'epsilon': 0.9885449787116366, 'interactions': 85}"
deffuant,trstun,82,0.3058933582787652,0.3217516386903562,-0.051842513027494874,False,"{'mu': 0.3247887105135384, 'epsilon': 0.9885449787116366, 'interactions': 85}"
deffuant,trstun,83,0.3058933582787652,0.3167504957130161,-0.035493210756006865,False,"{'mu': 0.3247887105135384, 'epsilon': 0.9885449787116366, 'interactions': 85}"
deffuant,trstun,84,0.3058933582787652,0.31987811613102796,-0.04571775579225965,False,"{'mu': 0.3247887105135384, 'epsilon': 0.9885449787116366, 'interactions': 85}"
deffuant,trstun,85,0.3058933582787652,0.3207906616039249,-0.048700970197540445,False,"{'mu': 0.3247887105135384, 'epsilon': 0.9885449787116366, 'interactions': 85}"
deffuant,trstun,86,0.3058933582787652,0.3190901016248492,-0.043141647207840375,False,"{'mu': 0.3247887105135384, 'epsilon': 0.9885449787116366, 'interactions': 85}"
deffuant,trstun,87,0.3058933582787652,0.3223064816130874,-0.053656357322294936,False,"{'mu': 0.3247887105135384, 'epsilon': 0.9885449787116366, 'interactions': 85}"
deffuant,trstun,88,0.3058933582787652,0.32206271162005473,-0.05285944563253373,False,"{'mu': 0.3247887105135384, 'epsilon': 0.9885449787116366, 'interactions': 85}"
deffuant,trstun,89,0.3058933582787652,0.31656913781237345,-0.03490033125818726,False,"{'mu': 0.3247887105135384, 'epsilon': 0.9885449787116366, 'interactions': 85}"
deffuant,trstun,90,0.3058933582787652,0.30683288090381394,-0.0030714057681257663,False,"{'mu': 0.20949357857508505, 'epsilon': 0.9854491748947921, 'interactions': 36}"
deffuant,trstun,91,0.3058933582787652,0.30858201349600817,-0.008789518126094043,False,"{'mu': 0.20949357857508505, 'epsilon': 0.9854491748947921, 'interactions': 36}"
deffuant,trstun,92,0.3058933582787652,0.30808957924546815,-0.007179694842218566,False,"{'mu': 0.20949357857508505, 'epsilon': 0.9854491748947921, 'interactions': 36}"
deffuant,trstun,93,0.3058933582787652,0.30743835821952414,-0.005050779622848106,False,"{'mu': 0.20949357857508505, 'epsilon': 0.9854491748947921, 'interactions': 36}"
deffuant,trstun,94,0.3058933582787652,0.3080312836362729,-0.006989119899620074,False,"{'mu': 0.20949357857508505, 'epsilon': 0.9854491748947921, 'interactions': 36}"
deffuant,trstun,95,0.3058933582787652,0.3069162803109321,-0.003344047866625183,False,"{'mu': 0.20949357857508505, 'epsilon': 0.9854491748947921, 'interactions': 36}"
deffuant,trstun,96,0.3058933582787652,0.30859893246585096,-0.008844828152888987,False,"{'mu': 0.20949357857508505, 'epsilon': 0.9854491748947921, 'interactions': 36}"
deffuant,trstun,97,0.3058933582787652,0.31013956590266545,-0.01388133318027335,False,"{'mu': 0.20949357857508505, 'epsilon': 0.9854491748947921, 'interactions': 36}"
deffuant,trstun,98,0.3058933582787652,0.30728860131771485,-0.00456120736586298,False,"{'mu': 0.20949357857508505, 'epsilon': 0.9854491748947921, 'interactions': 36}"
deffuant,trstun,99,0.3058933582787652,0.30952235503871817,-0.011863601028714805,False,"{'mu': 0.20949357857508505, 'epsilon': 0.9854491748947921, 'interactions': 36}"
deffuant,ppltrst,0,0.3265771812080537,0.3284731596184392,-0.005805605901098295,False,"{'mu': 0.4742440433330539, 'epsilon': 0.8753273295183521, 'interactions': 117}"
deffuant,ppltrst,1,0.3265771812080537,0.33154598807183355,-0.015214801124192379,False,"{'mu': 0.4742440433330539, 'epsilon': 0.8753273295183521, 'interactions': 117}"
deffuant,ppltrst,2,0.3265771812080537,0.33121219104983046,-0.014192693514688463,False,"{'mu': 0.4742440433330539, 'epsilon': 0.8753273295183521, 'interactions': 117}"
deffuant,ppltrst,3,0.3265771812080537,0.3324827610375428,-0.01808325923949613,False,"{'mu': 0.4742440433330539, 'epsilon': 0.8753273295183521, 'interactions': 117}"
deffuant,ppltrst,4,0.3265771812080537,0.3311887816957796,-0.014121012590858208,False,"{'mu': 0.4742440433330539, 'epsilon': 0.8753273295183521, 'interactions': 117}"
deffuant,ppltrst,5,0.3265771812080537,0.33030235404435926,-0.011406715014581409,False,"{'mu': 0.4742440433330539, 'epsilon': 0.8753273295183521, 'interactions': 117}"
deffuant,ppltrst,6,0.3265771812080537,0.3308688906590079,-0.013141485988330768,False,"{'mu': 0.4742440433330539, 'epsilon': 0.8753273295183521, 'interactions': 117}"
deffuant,ppltrst,7,0.3265771812080537,0.3299294842017667,-0.010264963955265957,False,"{'mu': 0.4742440433330539, 'epsilon': 0.8753273295183521, 'interactions': 117}"
deffuant,ppltrst,8,0.3265771812080537,0.328534252865979,-0.005992677292044185,False,"{'mu': 0.4742440433330539, 'epsilon': 0.8753273295183521, 'interactions': 117}"
deffuant,ppltrst,9,0.3265771812080537,0.325770381243249,0.002470472559718477,True,"{'mu': 0.4742440433330539, 'epsilon': 0.8753273295183521, 'interactions': 117}"
deffuant,ppltrst,10,0.3265771812080537,0.328515644791626,-0.005935698190552264,False,"{'mu': 0.3858746653598929, 'epsilon': 0.7517545992503042, 'interactions': 95}"
deffuant,ppltrst,11,0.3265771812080537,0.3286020765058088,-0.006200357570191402,False,"{'mu': 0.3858746653598929, 'epsilon': 0.7517545992503042, 'interactions': 95}"
deffuant,ppltrst,12,0.3265771812080537,0.3249040426984846,0.005123256019847755,True,"{'mu': 0.3858746653598929, 'epsilon': 0.7517545992503042, 'interactions': 95}"
deffuant,ppltrst,13,0.3265771812080537,0.3263089940307479,0.0008212061121775116,True,"{'mu': 0.3858746653598929, 'epsilon': 0.7517545992503042, 'interactions': 95}"
deffuant,ppltrst,14,0.3265771812080537,0.3244593740443481,0.006484859584712924,True,"{'mu': 0.3858746653598929, 'epsilon': 0.7517545992503042, 'interactions': 95}"
deffuant,ppltrst,15,0.3265771812080537,0.3284994497689028,-0.005886108005888102,False,"{'mu': 0.3858746653598929, 'epsilon': 0.7517545992503042, 'interactions': 95}"
deffuant,ppltrst,16,0.3265771812080537,0.3295533129088922,-0.009113103646217499,False,"{'mu': 0.3858746653598929, 'epsilon': 0.7517545992503042, 'interactions': 95}"
deffuant,ppltrst,17,0.3265771812080537,0.3245729313886331,0.0061371398087478315,True,"{'mu': 0.3858746653598929, 'epsilon': 0.7517545992503042, 'interactions': 95}"
deffuant,ppltrst,18,0.3265771812080537,0.33231669007064135,-0.01757473942715913,False,"{'mu': 0.3858746653598929, 'epsilon': 0.7517545992503042, 'interactions': 95}"
deffuant,ppltrst,19,0.3265771812080537,0.3262652178209367,0.0009552516374934113,True,"{'mu': 0.3858746653598929, 'epsilon': 0.7517545992503042, 'interactions': 95}"
deffuant,ppltrst,20,0.3265771812080537,0.3239660259215814,0.007995522763756015,True,"{'mu': 0.37877223012130773, 'epsilon': 0.75407053726406, 'interactions': 93}"
deffuant,ppltrst,21,0.3265771812080537,0.32422601725690703,0.007199412838488512,True,"{'mu': 0.37877223012130773, 'epsilon': 0.75407053726406, 'interactions': 93}"
deffuant,ppltrst,22,0.3265771812080537,0.32364992743526966,0.008963436336720495,True,"{'mu': 0.37877223012130773, 'epsilon': 0.75407053726406, 'interactions': 93}"
deffuant,ppltrst,23,0.3265771812080537,0.3284097804530852,-0.005611534885115076,False,"{'mu': 0.37877223012130773, 'epsilon': 0.75407053726406, 'interactions': 93}"
deffuant,ppltrst,24,0.3265771812080537,0.3253786106550674,0.0036700988983755733,True,"{'mu': 0.37877223012130773, 'epsilon': 0.75407053726406, 'interactions': 93}"
deffuant,ppltrst,25,0.3265771812080537,0.32867316835208094,-0.0064180453033304795,False,"{'mu': 0.37877223012130773, 'epsilon': 0.75407053726406, 'interactions': 93}"
deffuant,ppltrst,26,0.3265771812080537,0.32741726981240027,-0.002572404481044838,False,"{'mu': 0.37877223012130773, 'epsilon': 0.75407053726406, 'interactions': 93}"
deffuant,ppltrst,27,0.3265771812080537,0.3258102765229763,0.0023483106879681886,True,"{'mu': 0.37877223012130773, 'epsilon': 0.75407053726406, 'interactions': 93}"
deffuant,ppltrst,28,0.3265771812080537,0.32313933412171547,0.010526905381512392,True,"{'mu': 0.37877223012130773, 'epsilon': 0.75407053726406, 'interactions': 93}"
deffuant,ppltrst,29,0.3265771812080537,0.32610654041844606,0.0014411318876189053,True,"{'mu': 0.37877223012130773, 'epsilon': 0.75407053726406, 'interactions': 93}"
deffuant,ppltrst,30,0.3265771812080537,0.32882584536113213,-0.006885551968941412,False,"{'mu': 0.34768639288354397, 'epsilon': 0.9979233201971129, 'interactions': 154}"
deffuant,ppltrst,31,0.3265771812080537,0.3315548340826082,-0.015241888169104528,False,"{'mu': 0.34768639288354397, 'epsilon': 0.9979233201971129, 'interactions': 154}"
deffuant,ppltrst,32,0.3265771812080537,0.3309337712963346,-0.013340154606532241,False,"{'mu': 0.34768639288354397, 'epsilon': 0.9979233201971129, 'interactions': 154}"
deffuant,ppltrst,33,0.3265771812080537,0.33081302868775864,-0.012970433096507165,False,"{'mu': 0.34768639288354397, 'epsilon': 0.9979233201971129, 'interactions': 154}"
deffuant,ppltrst,34,0.3265771812080537,0.3341175970336525,-0.023089230538722284,False,"{'mu': 0.34768639288354397, 'epsilon': 0.9979233201971129, 'interactions': 154}"
deffuant,ppltrst,35,0.3265771812080537,0.33219999218838625,-0.017217403125144946,False,"{'mu': 0.34768639288354397, 'epsilon': 0.9979233201971129, 'interactions': 154}"
deffuant,ppltrst,36,0.3265771812080537,0.3335689341442474,-0.02140919004300988,False,"{'mu': 0.34768639288354397, 'epsilon': 0.9979233201971129, 'interactions': 154}"
deffuant,ppltrst,37,0.3265771812080537,0.33469813409619864,-0.02486687177011096,False,"{'mu': 0.34768639288354397, 'epsilon': 0.9979233201971129, 'interactions': 154}"
deffuant,ppltrst,38,0.3265771812080537,0.3334644339798653,-0.02108920392519384,False,"{'mu': 0.34768639288354397, 'epsilon': 0.9979233201971129, 'interactions': 154}"
deffuant,ppltrst,39,0.3265771812080537,0.3309588520929514,-0.01341695359329551,False,"{'mu': 0.34768639288354397, 'epsilon': 0.9979233201971129, 'interactions': 154}"
deffuant,ppltrst,40,0.3265771812080537,0.3285289327415591,-0.005976386734326054,False,"{'mu': 0.3588656281608582, 'epsilon': 0.7041644862611076, 'interactions': 104}"
deffuant,ppltrst,41,0.3265771812080537,0.3261486271542804,0.001312259638557749,True,"{'mu': 0.3588656281608582, 'epsilon': 0.7041644862611076, 'interactions': 104}"
deffuant,ppltrst,42,0.3265771812080537,0.330258739377402,-0.011273164143709475,False,"{'mu': 0.3588656281608582, 'epsilon': 0.7041644862611076, 'interactions': 104}"
deffuant,ppltrst,43,0.3265771812080537,0.33057796549677404,-0.01225065472707221,False,"{'mu': 0.3588656281608582, 'epsilon': 0.7041644862611076, 'interactions': 104}"
deffuant,ppltrst,44,0.3265771812080537,0.3257814118586042,0.0024366961173031484,True,"{'mu': 0.3588656281608582, 'epsilon': 0.7041644862611076, 'interactions': 104}"
deffuant,ppltrst,45,0.3265771812080537,0.3250906501834705,0.004551852089249776,True,"{'mu': 0.3588656281608582, 'epsilon': 0.7041644862611076, 'interactions': 104}"
deffuant,ppltrst,46,0.3265771812080537,0.32872070608553194,-0.006563608852122101,False,"{'mu': 0.3588656281608582, 'epsilon': 0.7041644862611076, 'interactions': 104}"
deffuant,ppltrst,47,0.3265771812080537,0.3277917315685674,-0.0037190300804879352,False,"{'mu': 0.3588656281608582, 'epsilon': 0.7041644862611076, 'interactions': 104}"
deffuant,ppltrst,48,0.3265771812080537,0.33069685978748303,-0.012614716570796828,False,"{'mu': 0.3588656281608582, 'epsilon': 0.7041644862611076, 'interactions': 104}"
deffuant,ppltrst,49,0.3265771812080537,0.328912384222405,-0.007150539439752252,False,"{'mu': 0.3588656281608582, 'epsilon': 0.7041644862611076, 'interactions': 104}"
deffuant,ppltrst,50,0.3265771812080537,0.32420455625718664,0.007265127778035126,True,"{'mu': 0.2498939894453827, 'epsilon': 0.8700921513208247, 'interactions': 118}"
deffuant,ppltrst,51,0.3265771812080537,0.3258123567083391,0.002341941028719183,True,"{'mu': 0.2498939894453827, 'epsilon': 0.8700921513208247, 'interactions': 118}"
deffuant,ppltrst,52,0.3265771812080537,0.3257557159112704,0.0025153787344987587,True,"{'mu': 0.2498939894453827, 'epsilon': 0.8700921513208247, 'interactions': 118}"
deffuant,ppltrst,53,0.3265771812080537,0.32463057183530364,0.005960641112613155,True,"{'mu': 0.2498939894453827, 'epsilon': 0.8700921513208247, 'interactions': 118}"
deffuant,ppltrst,54,0.3265771812080537,0.3252773074434946,0.003980295744334245,True,"{'mu': 0.2498939894453827, 'epsilon': 0.8700921513208247, 'interactions': 118}"
deffuant,ppltrst,55,0.3265771812080537,0.32521751955026656,0.004163370057753393,True,"{'mu': 0.2498939894453827, 'epsilon': 0.8700921513208247, 'interactions': 118}"
deffuant,ppltrst,56,0.3265771812080537,0.3245646790652239,0.006162408945368609,True,"{'mu': 0.2498939894453827, 'epsilon': 0.8700921513208247, 'interactions': 118}"
deffuant,ppltrst,57,0.3265771812080537,0.3254671633023267,0.003398945087408889,True,"{'mu': 0.2498939894453827, 'epsilon': 0.8700921513208247, 'interactions': 118}"
deffuant,ppltrst,58,0.3265771812080537,0.32410184029548117,0.007579650554321907,True,"{'mu': 0.2498939894453827, 'epsilon': 0.8700921513208247, 'interactions': 118}"
deffuant,ppltrst,59,0.3265771812080537,0.32295655841176446,0.011086576174416229,True,"{'mu': 0.2498939894453827, 'epsilon': 0.8700921513208247, 'interactions': 118}"
deffuant,ppltrst,60,0.3265771812080537,0.33207332996767863,-0.016829555388082982,False,"{'mu': 0.4731541296027249, 'epsilon': 0.8647426510597456, 'interactions': 96}"
deffuant,ppltrst,61,0.3265771812080537,0.32378304201255,0.008555831075422338,True,"{'mu': 0.4731541296027249, 'epsilon': 0.8647426510597456, 'interactions': 96}"
deffuant,ppltrst,62,0.3265771812080537,0.32730707088901634,-0.0022349684024545037,False,"{'mu': 0.4731541296027249, 'epsilon': 0.8647426510597456, 'interactions': 96}"
deffuant,ppltrst,63,0.3265771812080537,0.32876832705030873,-0.006709427260501486,False,"{'mu': 0.4731541296027249, 'epsilon': 0.8647426510597456, 'interactions': 96}"
deffuant,ppltrst,64,0.3265771812080537,0.32765435503500523,-0.003298374439288551,False,"{'mu': 0.4731541296027249, 'epsilon': 0.8647426510597456, 'interactions': 96}"
deffuant,ppltrst,65,0.3265771812080537,0.3272442760009673,-0.002042686480561587,False,"{'mu': 0.4731541296027249, 'epsilon': 0.8647426510597456, 'interactions': 96}"
deffuant,ppltrst,66,0.3265771812080537,0.3225906218780117,0.012207097003211204,True,"{'mu': 0.4731541296027249, 'epsilon': 0.8647426510597456, 'interactions': 96}"
deffuant,ppltrst,67,0.3265771812080537,0.3255305123268286,0.0032049663646225813,True,"{'mu': 0.4731541296027249, 'epsilon': 0.8647426510597456, 'interactions': 96}"
deffuant,ppltrst,68,0.3265771812080537,0.328484688415819,-0.00584090780840598,False,"{'mu': 0.4731541296027249, 'epsilon': 0.8647426510597456, 'interactions': 96}"
deffuant,ppltrst,69,0.3265771812080537,0.3260808074600993,0.0015199278348787416,True,"{'mu': 0.4731541296027249, 'epsilon': 0.8647426510597456, 'interactions': 96}"
deffuant,ppltrst,70,0.3265771812080537,0.3253397903524855,0.0037889691220644953,True,"{'mu': 0.439663225032842, 'epsilon': 0.9716852637850086, 'interactions': 105}"
deffuant,ppltrst,71,0.3265771812080537,0.3229455929711618,0.011120153047613789,True,"{'mu': 0.439663225032842, 'epsilon': 0.9716852637850086, 'interactions': 105}"
deffuant,ppltrst,72,0.3265771812080537,0.32599874523675704,0.001771207556991363,True,"{'mu': 0.439663225032842, 'epsilon': 0.9716852637850086, 'interactions': 105}"
deffuant,ppltrst,73,0.3265771812080537,0.3271602299129411,-0.001785332039215429,False,"{'mu': 0.439663225032842, 'epsilon': 0.9716852637850086, 'interactions': 105}"
deffuant,ppltrst,74,0.3265771812080537,0.32698384733741226,-0.0012452374285743593,False,"{'mu': 0.439663225032842, 'epsilon': 0.9716852637850086, 'interactions': 105}"
deffuant,ppltrst,75,0.3265771812080537,0.32652483791352566,0.00016027848098387745,True,"{'mu': 0.439663225032842, 'epsilon': 0.9716852637850086, 'interactions': 105}"
deffuant,ppltrst,76,0.3265771812080537,0.3308982081544287,-0.013231258014999608,False,"{'mu': 0.439663225032842, 'epsilon': 0.9716852637850086, 'interactions': 105}"
deffuant,ppltrst,77,0.3265771812080537,0.32611628176908525,0.0014113032553698384,True,"{'mu': 0.439663225032842, 'epsilon': 0.9716852637850086, 'interactions': 105}"
deffuant,ppltrst,78,0.3265771812080537,0.3244173692204527,0.006613481014232277,True,"{'mu': 0.439663225032842, 'epsilon': 0.9716852637850086, 'interactions': 105}"
deffuant,ppltrst,79,0.3265771812080537,0.3269639433984876,-0.0011842903077405626,False,"{'mu': 0.439663225032842, 'epsilon': 0.9716852637850086, 'interactions': 105}"
deffuant,ppltrst,80,0.3265771812080537,0.3224107901360547,0.01275775317977485,True,"{'mu': 0.45683844308528254, 'epsilon': 0.7756389382443188, 'interactions': 81}"
deffuant,ppltrst,81,0.3265771812080537,0.3277504261905469,-0.0035925503985098466,False,"{'mu': 0.45683844308528254, 'epsilon': 0.7756389382443188, 'interactions': 81}"
deffuant,ppltrst,82,0.3265771812080537,0.32449007318061046,0.006390856886334557,True,"{'mu': 0.45683844308528254, 'epsilon': 0.7756389382443188, 'interactions': 81}"
deffuant,ppltrst,83,0.3265771812080537,0.32376610086824775,0.008607705931588227,True,"{'mu': 0.45683844308528254, 'epsilon': 0.7756389382443188, 'interactions': 81}"
deffuant,ppltrst,84,0.3265771812080537,0.3227386863779267,0.011753714132530249,True,"{'mu': 0.45683844308528254, 'epsilon': 0.7756389382443188, 'interactions': 81}"
deffuant,ppltrst,85,0.3265771812080537,0.325316032156547,0.0038617182218351627,True,"{'mu': 0.45683844308528254, 'epsilon': 0.7756389382443188, 'interactions': 81}"
deffuant,ppltrst,86,0.3265771812080537,0.32649509587821224,0.0002513504756756017,True,"{'mu': 0.45683844308528254, 'epsilon': 0.7756389382443188, 'interactions': 81}"
deffuant,ppltrst,87,0.3265771812080537,0.3281436600636847,-0.0047966574083234265,False,"{'mu': 0.45683844308528254, 'epsilon': 0.7756389382443188, 'interactions': 81}"
deffuant,ppltrst,88,0.3265771812080537,0.3319578314514754,-0.016475891620835088,False,"{'mu': 0.45683844308528254, 'epsilon': 0.7756389382443188, 'interactions': 81}"
deffuant,ppltrst,89,0.3265771812080537,0.3258012796811495,0.0023758595871089,True,"{'mu': 0.45683844308528254, 'epsilon': 0.7756389382443188, 'interactions': 81}"
deffuant,ppltrst,90,0.3265771812080537,0.3202057936287067,0.019509592053487422,True,"{'mu': 0.35526012216845565, 'epsilon': 0.9400348504620997, 'interactions': 68}"
deffuant,ppltrst,91,0.3265771812080537,0.3224144070894194,0.012746677839632377,True,"{'mu': 0.35526012216845565, 'epsilon': 0.9400348504620997, 'interactions': 68}"
deffuant,ppltrst,92,0.3265771812080537,0.3225118804554279,0.012448208223206794,True,"{'mu': 0.35526012216845565, 'epsilon': 0.9400348504620997, 'interactions': 68}"
deffuant,ppltrst,93,0.3265771812080537,0.32340671809242894,0.00970815873876052,True,"{'mu': 0.35526012216845565, 'epsilon': 0.9400348504620997, 'interactions': 68}"
deffuant,ppltrst,94,0.3265771812080537,0.3283553644474625,-0.0054449096315641885,False,"{'mu': 0.35526012216845565, 'epsilon': 0.9400348504620997, 'interactions': 68}"
deffuant,ppltrst,95,0.3265771812080537,0.3260383611311342,0.0016499011808672518,True,"{'mu': 0.35526012216845565, 'epsilon': 0.9400348504620997, 'interactions': 68}"
deffuant,ppltrst,96,0.3265771812080537,0.32230433329823494,0.013083730755507459,True,"{'mu': 0.35526012216845565, 'epsilon': 0.9400348504620997, 'interactions': 68}"
deffuant,ppltrst,97,0.3265771812080537,0.3254128741857619,0.003565181798632789,True,"{'mu': 0.35526012216845565, 'epsilon': 0.9400348504620997, 'interactions': 68}"
deffuant,ppltrst,98,0.3265771812080537,0.32337413534429726,0.009807929175908465,True,"{'mu': 0.35526012216845565, 'epsilon': 0.9400348504620997, 'interactions': 68}"
deffuant,ppltrst,99,0.3265771812080537,0.32395980026322085,0.008014586123717448,True,"{'mu': 0.35526012216845565, 'epsilon': 0.9400348504620997, 'interactions': 68}"
deffuant,happy,0,0.30066476733143405,0.305330029533594,-0.015516491152477687,False,"{'mu': 0.3578320545216026, 'epsilon': 0.8360065837538022, 'interactions': 93}"
deffuant,happy,1,0.30066476733143405,0.30921915158403984,-0.028451568597580232,False,"{'mu': 0.3578320545216026, 'epsilon': 0.8360065837538022, 'interactions': 93}"
deffuant,happy,2,0.30066476733143405,0.3065435359808933,-0.019552569134177453,False,"{'mu': 0.3578320545216026, 'epsilon': 0.8360065837538022, 'interactions': 93}"
deffuant,happy,3,0.30066476733143405,0.3036366964328597,-0.009884527301962058,False,"{'mu': 0.3578320545216026, 'epsilon': 0.8360065837538022, 'interactions': 93}"
deffuant,happy,4,0.30066476733143405,0.3054848038924327,-0.01603126499915222,False,"{'mu': 0.3578320545216026, 'epsilon': 0.8360065837538022, 'interactions': 93}"
deffuant,happy,5,0.30066476733143405,0.3084776984161633,-0.02598552252754231,False,"{'mu': 0.3578320545216026, 'epsilon': 0.8360065837538022, 'interactions': 93}"
deffuant,happy,6,0.30066476733143405,0.310705901664377,-0.03339644489131059,False,"{'mu': 0.3578320545216026, 'epsilon': 0.8360065837538022, 'interactions': 93}"
deffuant,happy,7,0.30066476733143405,0.3090787694938696,-0.027984662909174427,False,"{'mu': 0.3578320545216026, 'epsilon': 0.8360065837538022, 'interactions': 93}"
deffuant,happy,8,0.30066476733143405,0.30404318295639554,-0.011236486585863719,False,"{'mu': 0.3578320545216026, 'epsilon': 0.8360065837538022, 'interactions': 93}"
deffuant,happy,9,0.30066476733143405,0.3090826488467526,-0.027997565494726488,False,"{'mu': 0.3578320545216026, 'epsilon': 0.8360065837538022, 'interactions': 93}"
deffuant,happy,10,0.30066476733143405,0.30145287693406736,-0.0026212236625801607,False,"{'mu': 0.3887910328148462, 'epsilon': 0.8160596817925514, 'interactions': 37}"
deffuant,happy,11,0.30066476733143405,0.2986706326124723,0.006632419011581594,True,"{'mu': 0.3887910328148462, 'epsilon': 0.8160596817925514, 'interactions': 37}"
deffuant,happy,12,0.30066476733143405,0.3015608188767174,-0.002980234608917699,False,"{'mu': 0.3887910328148462, 'epsilon': 0.8160596817925514, 'interactions': 37}"
deffuant,happy,13,0.30066476733143405,0.29967260991362427,0.0032998792196895087,True,"{'mu': 0.3887910328148462, 'epsilon': 0.8160596817925514, 'interactions': 37}"
deffuant,happy,14,0.30066476733143405,0.299605516835536,0.0035230283391682036,True,"{'mu': 0.3887910328148462, 'epsilon': 0.8160596817925514, 'interactions': 37}"
deffuant,happy,15,0.30066476733143405,0.3030877650914311,-0.008058801772826566,False,"{'mu': 0.3887910328148462, 'epsilon': 0.8160596817925514, 'interactions': 37}"
deffuant,happy,16,0.30066476733143405,0.2986319468604386,0.006761086405427083,True,"{'mu': 0.3887910328148462, 'epsilon': 0.8160596817925514, 'interactions': 37}"
deffuant,happy,17,0.30066476733143405,0.3004584094779829,0.000686338659772721,True,"{'mu': 0.3887910328148462, 'epsilon': 0.8160596817925514, 'interactions': 37}"
deffuant,happy,18,0.30066476733143405,0.30152450071758746,-0.0028594417423232696,False,"{'mu': 0.3887910328148462, 'epsilon': 0.8160596817925514, 'interactions': 37}"
deffuant,happy,19,0.30066476733143405,0.3000269018479924,0.002121517226986866,True,"{'mu': 0.3887910328148462, 'epsilon': 0.8160596817925514, 'interactions': 37}"
deffuant,happy,20,0.30066476733143405,0.3073119662739898,-0.022108340134274262,False,"{'mu': 0.48417192806075576, 'epsilon': 0.7832044071193517, 'interactions': 72}"
deffuant,happy,21,0.30066476733143405,0.30952623139324603,-0.029472904791813075,False,"{'mu': 0.48417192806075576, 'epsilon': 0.7832044071193517, 'interactions': 72}"
deffuant,happy,22,0.30066476733143405,0.30077495583497466,-0.00036648292554725657,False,"{'mu': 0.48417192806075576, 'epsilon': 0.7832044071193517, 'interactions': 72}"
deffuant,happy,23,0.30066476733143405,0.3040229707490544,-0.011169261524807985,False,"{'mu': 0.48417192806075576, 'epsilon': 0.7832044071193517, 'interactions': 72}"
deffuant,happy,24,0.30066476733143405,0.30057676334091854,0.00029269804805062515,True,"{'mu': 0.48417192806075576, 'epsilon': 0.7832044071193517, 'interactions': 72}"
deffuant,happy,25,0.30066476733143405,0.30393506046120805,-0.010876875128401851,False,"{'mu': 0.48417192806075576, 'epsilon': 0.7832044071193517, 'interactions': 72}"
deffuant,happy,26,0.30066476733143405,0.306891472197154,-0.02070979224132383,False,"{'mu': 0.48417192806075576, 'epsilon': 0.7832044071193517, 'interactions': 72}"
deffuant,happy,27,0.30066476733143405,0.3033779103806852,-0.009023814374167535,False,"{'mu': 0.48417192806075576, 'epsilon': 0.7832044071193517, 'interactions': 72}"
deffuant,happy,28,0.30066476733143405,0.305048807564582,-0.014581157187317817,False,"{'mu': 0.48417192806075576, 'epsilon': 0.7832044071193517, 'interactions': 72}"
deffuant,happy,29,0.30066476733143405,0.3021924944883583,-0.0050811645490878524,False,"{'mu': 0.48417192806075576, 'epsilon': 0.7832044071193517, 'interactions': 72}"
deffuant,happy,30,0.30066476733143405,0.3031808037405226,-0.008368244910834594,False,"{'mu': 0.47622882852065346, 'epsilon': 0.7796071247217571, 'interactions': 66}"
deffuant,happy,31,0.30066476733143405,0.3047214630785016,-0.013492421420284758,False,"{'mu': 0.47622882852065346, 'epsilon': 0.7796071247217571, 'interactions': 66}"
deffuant,happy,32,0.30066476733143405,0.30774246303872754,-0.023540156600695042,False,"{'mu': 0.47622882852065346, 'epsilon': 0.7796071247217571, 'interactions': 66}"
deffuant,happy,33,0.30066476733143405,0.3040412793004351,-0.011230155095887963,False,"{'mu': 0.47622882852065346, 'epsilon': 0.7796071247217571, 'interactions': 66}"
deffuant,happy,34,0.30066476733143405,0.3025396200334433,-0.006235691393606309,False,"{'mu': 0.47622882852065346, 'epsilon': 0.7796071247217571, 'interactions': 66}"
deffuant,happy,35,0.30066476733143405,0.3044494019891615,-0.012587556205265289,False,"{'mu': 0.47622882852065346, 'epsilon': 0.7796071247217571, 'interactions': 66}"
deffuant,happy,36,0.30066476733143405,0.30288458369395915,-0.0073830278892575395,False,"{'mu': 0.47622882852065346, 'epsilon': 0.7796071247217571, 'interactions': 66}"
deffuant,happy,37,0.30066476733143405,0.30518232275773965,-0.01502522382785788,False,"{'mu': 0.47622882852065346, 'epsilon': 0.7796071247217571, 'interactions': 66}"
deffuant,happy,38,0.30066476733143405,0.30217758523695887,-0.005031576925197841,False,"{'mu': 0.47622882852065346, 'epsilon': 0.7796071247217571, 'interactions': 66}"
deffuant,happy,39,0.30066476733143405,0.3033002615405241,-0.008765557176790305,False,"{'mu': 0.47622882852065346, 'epsilon': 0.7796071247217571, 'interactions': 66}"
deffuant,happy,40,0.30066476733143405,0.30627942944889053,-0.018674160485412743,False,"{'mu': 0.48965178501550116, 'epsilon': 0.9064427762167779, 'interactions': 80}"
deffuant,happy,41,0.30066476733143405,0.3021851105915397,-0.005056605978809973,False,"{'mu': 0.48965178501550116, 'epsilon': 0.9064427762167779, 'interactions': 80}"
deffuant,happy,42,0.30066476733143405,0.3043130716885991,-0.012134126620640602,False,"{'mu': 0.48965178501550116, 'epsilon': 0.9064427762167779, 'interactions': 80}"
deffuant,happy,43,0.30066476733143405,0.30250033235632295,-0.006105022018976688,False,"{'mu': 0.48965178501550116, 'epsilon': 0.9064427762167779, 'interactions': 80}"
deffuant,happy,44,0.30066476733143405,0.3050275453391416,-0.014510439804535908,False,"{'mu': 0.48965178501550116, 'epsilon': 0.9064427762167779, 'interactions': 80}"
deffuant,happy,45,0.30066476733143405,0.30666364811084296,-0.01995205767756659,False,"{'mu': 0.48965178501550116, 'epsilon': 0.9064427762167779, 'interactions': 80}"
deffuant,happy,46,0.30066476733143405,0.30424886887763813,-0.011920590423729956,False,"{'mu': 0.48965178501550116, 'epsilon': 0.9064427762167779, 'interactions': 80}"
deffuant,happy,47,0.30066476733143405,0.3054582706122577,-0.015943016281450815,False,"{'mu': 0.48965178501550116, 'epsilon': 0.9064427762167779, 'interactions': 80}"
deffuant,happy,48,0.30066476733143405,0.2988406558311245,0.006066928015874725,True,"{'mu': 0.48965178501550116, 'epsilon': 0.9064427762167779, 'interactions': 80}"
deffuant,happy,49,0.30066476733143405,0.30381747101547124,-0.010485776940275318,False,"{'mu': 0.48965178501550116, 'epsilon': 0.9064427762167779, 'interactions': 80}"
deffuant,happy,50,0.30066476733143405,0.307234644798814,-0.021851171740843674,False,"{'mu': 0.4321698387185073, 'epsilon': 0.6100596821904981, 'interactions': 55}"
deffuant,happy,51,0.30066476733143405,0.30408429880005644,-0.011373236375424449,False,"{'mu': 0.4321698387185073, 'epsilon': 0.6100596821904981, 'interactions': 55}"
deffuant,happy,52,0.30066476733143405,0.30355232219904815,-0.00960390169171716,False,"{'mu': 0.4321698387185073, 'epsilon': 0.6100596821904981, 'interactions': 55}"
deffuant,happy,53,0.30066476733143405,0.30775013572022464,-0.02356567565823276,False,"{'mu': 0.4321698387185073, 'epsilon': 0.6100596821904981, 'interactions': 55}"
deffuant,happy,54,0.30066476733143405,0.30046565869076436,0.0006622280436676587,True,"{'mu': 0.4321698387185073, 'epsilon': 0.6100596821904981, 'interactions': 55}"
deffuant,happy,55,0.30066476733143405,0.3028049803769194,-0.00711827017339249,False,"{'mu': 0.4321698387185073, 'epsilon': 0.6100596821904981, 'interactions': 55}"
deffuant,happy,56,0.30066476733143405,0.300045832125444,0.002058555817774851,True,"{'mu': 0.4321698387185073, 'epsilon': 0.6100596821904981, 'interactions': 55}"
deffuant,happy,57,0.30066476733143405,0.30132098593299217,-0.0021825590253970414,False,"{'mu': 0.4321698387185073, 'epsilon': 0.6100596821904981, 'interactions': 55}"
deffuant,happy,58,0.30066476733143405,0.30366286590595976,-0.009971566010661945,False,"{'mu': 0.4321698387185073, 'epsilon': 0.6100596821904981, 'interactions': 55}"
deffuant,happy,59,0.30066476733143405,0.3061596686586638,-0.01827584048506922,False,"{'mu': 0.4321698387185073, 'epsilon': 0.6100596821904981, 'interactions': 55}"
deffuant,happy,60,0.30066476733143405,0.30221447776325916,-0.005154280115956551,False,"{'mu': 0.39474406415940194, 'epsilon': 0.9730697072224042, 'interactions': 61}"
deffuant,happy,61,0.30066476733143405,0.30278654254877,-0.007056946632516681,False,"{'mu': 0.39474406415940194, 'epsilon': 0.9730697072224042, 'interactions': 61}"
deffuant,happy,62,0.30066476733143405,0.30082618411174306,-0.0005368662971111398,False,"{'mu': 0.39474406415940194, 'epsilon': 0.9730697072224042, 'interactions': 61}"
deffuant,happy,63,0.30066476733143405,0.3004324757348261,0.00077259333931821,True,"{'mu': 0.39474406415940194, 'epsilon': 0.9730697072224042, 'interactions': 61}"
deffuant,happy,64,0.30066476733143405,0.29993624718414696,0.002423031317414077,True,"{'mu': 0.39474406415940194, 'epsilon': 0.9730697072224042, 'interactions': 61}"
deffuant,happy,65,0.30066476733143405,0.29832996135675977,0.007765479126127662,True,"{'mu': 0.39474406415940194, 'epsilon': 0.9730697072224042, 'interactions': 61}"
deffuant,happy,66,0.30066476733143405,0.2999707824391014,0.0023081683247828883,True,"{'mu': 0.39474406415940194, 'epsilon': 0.9730697072224042, 'interactions': 61}"
deffuant,happy,67,0.30066476733143405,0.2997798472422158,0.0029432117938939435,True,"{'mu': 0.39474406415940194, 'epsilon': 0.9730697072224042, 'interactions': 61}"
deffuant,happy,68,0.30066476733143405,0.2988892119318226,0.00590543220401404,True,"{'mu': 0.39474406415940194, 'epsilon': 0.9730697072224042, 'interactions': 61}"
deffuant,happy,69,0.30066476733143405,0.30211309043529777,-0.004817069577916935,False,"{'mu': 0.39474406415940194, 'epsilon': 0.9730697072224042, 'interactions': 61}"
deffuant,happy,70,0.30066476733143405,0.3029305959869923,-0.007536063090027892,False,"{'mu': 0.4973926469664243, 'epsilon': 0.9689016859576943, 'interactions': 63}"
deffuant,happy,71,0.30066476733143405,0.30149278807640645,-0.0027539666596839516,False,"{'mu': 0.4973926469664243, 'epsilon': 0.9689016859576943, 'interactions': 63}"
deffuant,happy,72,0.30066476733143405,0.3017049395307766,-0.0034595746238398712,False,"{'mu': 0.4973926469664243, 'epsilon': 0.9689016859576943, 'interactions': 63}"
deffuant,happy,73,0.30066476733143405,0.3026595697143767,-0.006634639637519265,False,"{'mu': 0.4973926469664243, 'epsilon': 0.9689016859576943, 'interactions': 63}"
deffuant,happy,74,0.30066476733143405,0.2999905907487868,0.002242286612531705,True,"{'mu': 0.4973926469664243, 'epsilon': 0.9689016859576943, 'interactions': 63}"
deffuant,happy,75,0.30066476733143405,0.299429206400257,0.004109430387016526,True,"{'mu': 0.4973926469664243, 'epsilon': 0.9689016859576943, 'interactions': 63}"
deffuant,happy,76,0.30066476733143405,0.30037739609268604,0.0009557862109969872,True,"{'mu': 0.4973926469664243, 'epsilon': 0.9689016859576943, 'interactions': 63}"
deffuant,happy,77,0.30066476733143405,0.3015254082886654,-0.0028624602904757926,False,"{'mu': 0.4973926469664243, 'epsilon': 0.9689016859576943, 'interactions': 63}"
deffuant,happy,78,0.30066476733143405,0.3025566767903279,-0.006292421542056885,False,"{'mu': 0.4973926469664243, 'epsilon': 0.9689016859576943, 'interactions': 63}"
deffuant,happy,79,0.30066476733143405,0.2985388959136849,0.0070705704450090825,True,"{'mu': 0.4973926469664243, 'epsilon': 0.9689016859576943, 'interactions': 63}"
deffuant,happy,80,0.30066476733143405,0.3029554972780985,-0.007618883871881479,False,"{'mu': 0.4461558795977331, 'epsilon': 0.7655720859738379, 'interactions': 68}"
deffuant,happy,81,0.30066476733143405,0.30886971606246916,-0.027289358855906415,False,"{'mu': 0.4461558795977331, 'epsilon': 0.7655720859738379, 'interactions': 68}"
deffuant,happy,82,0.30066476733143405,0.30262050969518645,-0.006504727444823994,False,"{'mu': 0.4461558795977331, 'epsilon': 0.7655720859738379, 'interactions': 68}"
deffuant,happy,83,0.30066476733143405,0.30350667284313004,-0.009452073606493633,False,"{'mu': 0.4461558795977331, 'epsilon': 0.7655720859738379, 'interactions': 68}"
deffuant,happy,84,0.30066476733143405,0.30491113587647334,-0.014123266196861571,False,"{'mu': 0.4461558795977331, 'epsilon': 0.7655720859738379, 'interactions': 68}"
deffuant,happy,85,0.30066476733143405,0.3066627459061704,-0.019949056977881723,False,"{'mu': 0.4461558795977331, 'epsilon': 0.7655720859738379, 'interactions': 68}"
deffuant,happy,86,0.30066476733143405,0.303816565649758,-0.010482765727085064,False,"{'mu': 0.4461558795977331, 'epsilon': 0.7655720859738379, 'interactions': 68}"
deffuant,happy,87,0.30066476733143405,0.3056348319349843,-0.0165302527717575,False,"{'mu': 0.4461558795977331, 'epsilon': 0.7655720859738379, 'interactions': 68}"
deffuant,happy,88,0.30066476733143405,0.30483545072748647,-0.013871540164381552,False,"{'mu': 0.4461558795977331, 'epsilon': 0.7655720859738379, 'interactions': 68}"
deffuant,happy,89,0.30066476733143405,0.3088932947571256,-0.027367780730427133,False,"{'mu': 0.4461558795977331, 'epsilon': 0.7655720859738379, 'interactions': 68}"
deffuant,happy,90,0.30066476733143405,0.3002729569441753,0.0013031469923673025,True,"{'mu': 0.2957790494866831, 'epsilon': 0.9316785893926565, 'interactions': 61}"
deffuant,happy,91,0.30066476733143405,0.30078978247317295,-0.00041579578095725335,False,"{'mu': 0.2957790494866831, 'epsilon': 0.9316785893926565, 'interactions': 61}"
deffuant,happy,92,0.30066476733143405,0.30175910126158695,-0.003639714556067611,False,"{'mu': 0.2957790494866831, 'epsilon': 0.9316785893926565, 'interactions': 61}"
deffuant,happy,93,0.30066476733143405,0.29857459922570434,0.0069518225373764375,True,"{'mu': 0.2957790494866831, 'epsilon': 0.9316785893926565, 'interactions': 61}"
deffuant,happy,94,0.30066476733143405,0.30152518427907016,-0.002861715242769504,False,"{'mu': 0.2957790494866831, 'epsilon': 0.9316785893926565, 'interactions': 61}"
deffuant,happy,95,0.30066476733143405,0.3014882491263808,-0.002738870278202499,False,"{'mu': 0.2957790494866831, 'epsilon': 0.9316785893926565, 'interactions': 61}"
deffuant,happy,96,0.30066476733143405,0.30354161497614396,-0.009568289860642884,False,"{'mu': 0.2957790494866831, 'epsilon': 0.9316785893926565, 'interactions': 61}"
deffuant,happy,97,0.30066476733143405,0.30103078737582883,-0.0012173692569416039,False,"{'mu': 0.2957790494866831, 'epsilon': 0.9316785893926565, 'interactions': 61}"
deffuant,happy,98,0.30066476733143405,0.29843334402855376,0.0074216321476087855,True,"{'mu': 0.2957790494866831, 'epsilon': 0.9316785893926565, 'interactions': 61}"
deffuant,happy,99,0.30066476733143405,0.3026754350223283,-0.00668740707047267,False,"{'mu': 0.2957790494866831, 'epsilon': 0.9316785893926565, 'interactions': 61}"
deffuant,rlgdgr,0,0.30133587786259547,0.3014383974701488,-0.0003402170636981234,False,"{'mu': 0.20807074962230276, 'epsilon': 0.5707796210220621, 'interactions': 9}"
deffuant,rlgdgr,1,0.30133587786259547,0.30237494971229173,-0.003448218171252947,False,"{'mu': 0.20807074962230276, 'epsilon': 0.5707796210220621, 'interactions': 9}"
deffuant,rlgdgr,2,0.30133587786259547,0.3020429236154752,-0.002346370959524847,False,"{'mu': 0.20807074962230276, 'epsilon': 0.5707796210220621, 'interactions': 9}"
deffuant,rlgdgr,3,0.30133587786259547,0.3026705530517052,-0.00442919442111147,False,"{'mu': 0.20807074962230276, 'epsilon': 0.5707796210220621, 'interactions': 9}"
deffuant,rlgdgr,4,0.30133587786259547,0.30120014852019955,0.0004504254301169168,True,"{'mu': 0.20807074962230276, 'epsilon': 0.5707796210220621, 'interactions': 9}"
deffuant,rlgdgr,5,0.30133587786259547,0.3025272032672252,-0.003953480126827001,False,"{'mu': 0.20807074962230276, 'epsilon': 0.5707796210220621, 'interactions': 9}"
deffuant,rlgdgr,6,0.30133587786259547,0.3018994931761114,-0.0018703890074880253,False,"{'mu': 0.20807074962230276, 'epsilon': 0.5707796210220621, 'interactions': 9}"
deffuant,rlgdgr,7,0.30133587786259547,0.3019315002374685,-0.0019766062345375084,False,"{'mu': 0.20807074962230276, 'epsilon': 0.5707796210220621, 'interactions': 9}"
deffuant,rlgdgr,8,0.30133587786259547,0.3024323041017561,-0.0036385519272967987,False,"{'mu': 0.20807074962230276, 'epsilon': 0.5707796210220621, 'interactions': 9}"
deffuant,rlgdgr,9,0.30133587786259547,0.30155808295442427,-0.0007374000514141226,False,"{'mu': 0.20807074962230276, 'epsilon': 0.5707796210220621, 'interactions': 9}"
deffuant,rlgdgr,10,0.30133587786259547,0.3035514068186229,-0.007352357016835855,False,"{'mu': 0.10095948189156922, 'epsilon': 0.9649160914690581, 'interactions': 53}"
deffuant,rlgdgr,11,0.30133587786259547,0.30467738132249306,-0.011088966516696237,False,"{'mu': 0.10095948189156922, 'epsilon': 0.9649160914690581, 'interactions': 53}"
deffuant,rlgdgr,12,0.30133587786259547,0.3042546768077712,-0.00968619789279338,False,"{'mu': 0.10095948189156922, 'epsilon': 0.9649160914690581, 'interactions': 53}"
deffuant,rlgdgr,13,0.30133587786259547,0.30428737537892225,-0.009794709933852024,False,"{'mu': 0.10095948189156922, 'epsilon': 0.9649160914690581, 'interactions': 53}"
deffuant,rlgdgr,14,0.30133587786259547,0.30499509034856814,-0.012143301726723755,False,"{'mu': 0.10095948189156922, 'epsilon': 0.9649160914690581, 'interactions': 53}"
deffuant,rlgdgr,15,0.30133587786259547,0.30248405094574055,-0.0038102767293731474,False,"{'mu': 0.10095948189156922, 'epsilon': 0.9649160914690581, 'interactions': 53}"
deffuant,rlgdgr,16,0.30133587786259547,0.30435837985992964,-0.01003034228374354,False,"{'mu': 0.10095948189156922, 'epsilon': 0.9649160914690581, 'interactions': 53}"
deffuant,rlgdgr,17,0.30133587786259547,0.303435690236673,-0.006968345053936815,False,"{'mu': 0.10095948189156922, 'epsilon': 0.9649160914690581, 'interactions': 53}"
deffuant,rlgdgr,18,0.30133587786259547,0.3032107455278773,-0.006221853430067636,False,"{'mu': 0.10095948189156922, 'epsilon': 0.9649160914690581, 'interactions': 53}"
deffuant,rlgdgr,19,0.30133587786259547,0.30461095443699515,-0.010868525174068609,False,"{'mu': 0.10095948189156922, 'epsilon': 0.9649160914690581, 'interactions': 53}"
deffuant,rlgdgr,20,0.30133587786259547,0.3067418744549833,-0.017940102687848146,False,"{'mu': 0.25275170110544865, 'epsilon': 0.843289654905273, 'interactions': 41}"
deffuant,rlgdgr,21,0.30133587786259547,0.30401552881969907,-0.008892571890578115,False,"{'mu': 0.25275170110544865, 'epsilon': 0.843289654905273, 'interactions': 41}"
deffuant,rlgdgr,22,0.30133587786259547,0.303740463749989,-0.00797975303986192,False,"{'mu': 0.25275170110544865, 'epsilon': 0.843289654905273, 'interactions': 41}"
deffuant,rlgdgr,23,0.30133587786259547,0.3069124361590561,-0.018506121262478636,False,"{'mu': 0.25275170110544865, 'epsilon': 0.843289654905273, 'interactions': 41}"
deffuant,rlgdgr,24,0.30133587786259547,0.3077628010841403,-0.021328104927735785,False,"{'mu': 0.25275170110544865, 'epsilon': 0.843289654905273, 'interactions': 41}"
deffuant,rlgdgr,25,0.30133587786259547,0.30723849393745367,-0.01958816227502025,False,"{'mu': 0.25275170110544865, 'epsilon': 0.843289654905273, 'interactions': 41}"
deffuant,rlgdgr,26,0.30133587786259547,0.30536963738472866,-0.013386257058884066,False,"{'mu': 0.25275170110544865, 'epsilon': 0.843289654905273, 'interactions': 41}"
deffuant,rlgdgr,27,0.30133587786259547,0.30661010696008595,-0.017502824870709376,False,"{'mu': 0.25275170110544865, 'epsilon': 0.843289654905273, 'interactions': 41}"
deffuant,rlgdgr,28,0.30133587786259547,0.308211403680367,-0.022816817786651494,False,"{'mu': 0.25275170110544865, 'epsilon': 0.843289654905273, 'interactions': 41}"
deffuant,rlgdgr,29,0.30133587786259547,0.30613562761239344,-0.01592823856171079,False,"{'mu': 0.25275170110544865, 'epsilon': 0.843289654905273, 'interactions': 41}"
deffuant,rlgdgr,30,0.30133587786259547,0.30597091746793714,-0.01538163871563671,False,"{'mu': 0.2102149667005324, 'epsilon': 0.7501377975425373, 'interactions': 44}"
deffuant,rlgdgr,31,0.30133587786259547,0.30571768206311345,-0.014541262831357956,False,"{'mu': 0.2102149667005324, 'epsilon': 0.7501377975425373, 'interactions': 44}"
deffuant,rlgdgr,32,0.30133587786259547,0.30747680298880536,-0.020379004218707947,False,"{'mu': 0.2102149667005324, 'epsilon': 0.7501377975425373, 'interactions': 44}"
deffuant,rlgdgr,33,0.30133587786259547,0.30821247160622867,-0.02282036175847875,False,"{'mu': 0.2102149667005324, 'epsilon': 0.7501377975425373, 'interactions': 44}"
deffuant,rlgdgr,34,0.30133587786259547,0.3080136272466448,-0.022160485606344923,False,"{'mu': 0.2102149667005324, 'epsilon': 0.7501377975425373, 'interactions': 44}"
deffuant,rlgdgr,35,0.30133587786259547,0.30785689235397995,-0.021640352080338612,False,"{'mu': 0.2102149667005324, 'epsilon': 0.7501377975425373, 'interactions': 44}"
deffuant,rlgdgr,36,0.30133587786259547,0.3104535541736659,-0.0302575198670101,False,"{'mu': 0.2102149667005324, 'epsilon': 0.7501377975425373, 'interactions': 44}"
deffuant,rlgdgr,37,0.30133587786259547,0.30907272275639947,-0.02567515341579033,False,"{'mu': 0.2102149667005324, 'epsilon': 0.7501377975425373, 'interactions': 44}"
deffuant,rlgdgr,38,0.30133587786259547,0.3059809388347976,-0.015414895183242027,False,"{'mu': 0.2102149667005324, 'epsilon': 0.7501377975425373, 'interactions': 44}"
deffuant,rlgdgr,39,0.30133587786259547,0.30418757325027473,-0.00946351097621238,False,"{'mu': 0.2102149667005324, 'epsilon': 0.7501377975425373, 'interactions': 44}"
deffuant,rlgdgr,40,0.30133587786259547,0.30225691297609153,-0.003056506646434044,False,"{'mu': 0.08799294471699043, 'epsilon': 0.9099247302199137, 'interactions': 31}"
deffuant,rlgdgr,41,0.30133587786259547,0.30304132949800255,-0.005659636839476329,False,"{'mu': 0.08799294471699043, 'epsilon': 0.9099247302199137, 'interactions': 31}"
deffuant,rlgdgr,42,0.30133587786259547,0.3020811990847376,-0.002473390249540609,False,"{'mu': 0.08799294471699043, 'epsilon': 0.9099247302199137, 'interactions': 31}"
deffuant,rlgdgr,43,0.30133587786259547,0.3019477976720251,-0.002030690184554382,False,"{'mu': 0.08799294471699043, 'epsilon': 0.9099247302199137, 'interactions': 31}"
deffuant,rlgdgr,44,0.30133587786259547,0.30294943997159374,-0.0053546962958523885,False,"{'mu': 0.08799294471699043, 'epsilon': 0.9099247302199137, 'interactions': 31}"
deffuant,rlgdgr,45,0.30133587786259547,0.30239179201443767,-0.0035041102949038058,False,"{'mu': 0.08799294471699043, 'epsilon': 0.9099247302199137, 'interactions': 31}"
deffuant,rlgdgr,46,0.30133587786259547,0.30360838187369243,-0.0075414319304294465,False,"{'mu': 0.08799294471699043, 'epsilon': 0.9099247302199137, 'interactions': 31}"
deffuant,rlgdgr,47,0.30133587786259547,0.3026303815842611,-0.00429588315486247,False,"{'mu': 0.08799294471699043, 'epsilon': 0.9099247302199137, 'interactions': 31}"
deffuant,rlgdgr,48,0.30133587786259547,0.30263366432185734,-0.004306777103566952,False,"{'mu': 0.08799294471699043, 'epsilon': 0.9099247302199137, 'interactions': 31}"
deffuant,rlgdgr,49,0.30133587786259547,0.3029435294690594,-0.005335081961919539,False,"{'mu': 0.08799294471699043, 'epsilon': 0.9099247302199137, 'interactions': 31}"
deffuant,rlgdgr,50,0.30133587786259547,0.3068680091615571,-0.01835868778122795,False,"{'mu': 0.09226140533705018, 'epsilon': 0.8195982825902733, 'interactions': 74}"
deffuant,rlgdgr,51,0.30133587786259547,0.30641066979028075,-0.016840981444630074,False,"{'mu': 0.09226140533705018, 'epsilon': 0.8195982825902733, 'interactions': 74}"
deffuant,rlgdgr,52,0.30133587786259547,0.30710495005391414,-0.019144989412609136,False,"{'mu': 0.09226140533705018, 'epsilon': 0.8195982825902733, 'interactions': 74}"
deffuant,rlgdgr,53,0.30133587786259547,0.3049491552383053,-0.011990863488739371,False,"{'mu': 0.09226140533705018, 'epsilon': 0.8195982825902733, 'interactions': 74}"
deffuant,rlgdgr,54,0.30133587786259547,0.3060690441511562,-0.015707277613716455,False,"{'mu': 0.09226140533705018, 'epsilon': 0.8195982825902733, 'interactions': 74}"
deffuant,rlgdgr,55,0.30133587786259547,0.30707368967196724,-0.019041250083032354,False,"{'mu': 0.09226140533705018, 'epsilon': 0.8195982825902733, 'interactions': 74}"
deffuant,rlgdgr,56,0.30133587786259547,0.3059754132051633,-0.015396558071599401,False,"{'mu': 0.09226140533705018, 'epsilon': 0.8195982825902733, 'interactions': 74}"
deffuant,rlgdgr,57,0.30133587786259547,0.30785864114459344,-0.02164615554000592,False,"{'mu': 0.09226140533705018, 'epsilon': 0.8195982825902733, 'interactions': 74}"
deffuant,rlgdgr,58,0.30133587786259547,0.3061288260939453,-0.015905667341528307,False,"{'mu': 0.09226140533705018, 'epsilon': 0.8195982825902733, 'interactions': 74}"
deffuant,rlgdgr,59,0.30133587786259547,0.30649475181872077,-0.017120012368648865,False,"{'mu': 0.09226140533705018, 'epsilon': 0.8195982825902733, 'interactions': 74}"
deffuant,rlgdgr,60,0.30133587786259547,0.3033478046072202,-0.006676691666772437,False,"{'mu': 0.2844563539927672, 'epsilon': 0.677133012156942, 'interactions': 11}"
deffuant,rlgdgr,61,0.30133587786259547,0.30245125258395567,-0.0037014335275031202,False,"{'mu': 0.2844563539927672, 'epsilon': 0.677133012156942, 'interactions': 11}"
deffuant,rlgdgr,62,0.30133587786259547,0.3031060402351035,-0.005874383047461779,False,"{'mu': 0.2844563539927672, 'epsilon': 0.677133012156942, 'interactions': 11}"
deffuant,rlgdgr,63,0.30133587786259547,0.30225705200302033,-0.0030569680150894754,False,"{'mu': 0.2844563539927672, 'epsilon': 0.677133012156942, 'interactions': 11}"
deffuant,rlgdgr,64,0.30133587786259547,0.30326263529640973,-0.006394052535267093,False,"{'mu': 0.2844563539927672, 'epsilon': 0.677133012156942, 'interactions': 11}"
deffuant,rlgdgr,65,0.30133587786259547,0.30256320246779445,-0.004072945491603948,False,"{'mu': 0.2844563539927672, 'epsilon': 0.677133012156942, 'interactions': 11}"
deffuant,rlgdgr,66,0.30133587786259547,0.30225873244615975,-0.003062544659833332,False,"{'mu': 0.2844563539927672, 'epsilon': 0.677133012156942, 'interactions': 11}"
deffuant,rlgdgr,67,0.30133587786259547,0.30409068018289215,-0.009141965901427861,False,"{'mu': 0.2844563539927672, 'epsilon': 0.677133012156942, 'interactions': 11}"
deffuant,rlgdgr,68,0.30133587786259547,0.3037736690313539,-0.008089946627165365,False,"{'mu': 0.2844563539927672, 'epsilon': 0.677133012156942, 'interactions': 11}"
deffuant,rlgdgr,69,0.30133587786259547,0.30348389859549085,-0.007128327194662324,False,"{'mu': 0.2844563539927672, 'epsilon': 0.677133012156942, 'interactions': 11}"
deffuant,rlgdgr,70,0.30133587786259547,0.3027797535028632,-0.004791582238760484,False,"{'mu': 0.2802188279630744, 'epsilon': 0.8658272938025647, 'interactions': 12}"
deffuant,rlgdgr,71,0.30133587786259547,0.30523864575233356,-0.012951553984944643,False,"{'mu': 0.2802188279630744, 'epsilon': 0.8658272938025647, 'interactions': 12}"
deffuant,rlgdgr,72,0.30133587786259547,0.3016714216366976,-0.0011135208209595018,False,"{'mu': 0.2802188279630744, 'epsilon': 0.8658272938025647, 'interactions': 12}"
deffuant,rlgdgr,73,0.30133587786259547,0.2994725725047,0.006183483264960276,True,"{'mu': 0.2802188279630744, 'epsilon': 0.8658272938025647, 'interactions': 12}"
deffuant,rlgdgr,74,0.30133587786259547,0.3045518316568785,-0.010672322914530102,False,"{'mu': 0.2802188279630744, 'epsilon': 0.8658272938025647, 'interactions': 12}"
deffuant,rlgdgr,75,0.30133587786259547,0.3032382802820318,-0.006313229055000914,False,"{'mu': 0.2802188279630744, 'epsilon': 0.8658272938025647, 'interactions': 12}"
deffuant,rlgdgr,76,0.30133587786259547,0.3010758347451228,0.0008629676602640111,True,"{'mu': 0.2802188279630744, 'epsilon': 0.8658272938025647, 'interactions': 12}"
deffuant,rlgdgr,77,0.30133587786259547,0.30233725597763006,-0.0033231294001147887,False,"{'mu': 0.2802188279630744, 'epsilon': 0.8658272938025647, 'interactions': 12}"
deffuant,rlgdgr,78,0.30133587786259547,0.302390127439826,-0.0034985863107587535,False,"{'mu': 0.2802188279630744, 'epsilon': 0.8658272938025647, 'interactions': 12}"
deffuant,rlgdgr,79,0.30133587786259547,0.3024893013174304,-0.0038277003820994643,False,"{'mu': 0.2802188279630744, 'epsilon': 0.8658272938025647, 'interactions': 12}"
deffuant,rlgdgr,80,0.30133587786259547,0.30365041666542597,-0.0076809267427687304,False,"{'mu': 0.23723229346074398, 'epsilon': 0.9290912986233012, 'interactions': 30}"
deffuant,rlgdgr,81,0.30133587786259547,0.3062623958642331,-0.016348926110564377,False,"{'mu': 0.23723229346074398, 'epsilon': 0.9290912986233012, 'interactions': 30}"
deffuant,rlgdgr,82,0.30133587786259547,0.3026542509575369,-0.004375095007912019,False,"{'mu': 0.23723229346074398, 'epsilon': 0.9290912986233012, 'interactions': 30}"
deffuant,rlgdgr,83,0.30133587786259547,0.3040274914697331,-0.008932270615200324,False,"{'mu': 0.23723229346074398, 'epsilon': 0.9290912986233012, 'interactions': 30}"
deffuant,rlgdgr,84,0.30133587786259547,0.30347446506750303,-0.007097021503303113,False,"{'mu': 0.23723229346074398, 'epsilon': 0.9290912986233012, 'interactions': 30}"
deffuant,rlgdgr,85,0.30133587786259547,0.30445658437363976,-0.010356239466670096,False,"{'mu': 0.23723229346074398, 'epsilon': 0.9290912986233012, 'interactions': 30}"
deffuant,rlgdgr,86,0.30133587786259547,0.30426693031526525,-0.009726861844198636,False,"{'mu': 0.23723229346074398, 'epsilon': 0.9290912986233012, 'interactions': 30}"
deffuant,rlgdgr,87,0.30133587786259547,0.3055874435863536,-0.014109059146607063,False,"{'mu': 0.23723229346074398, 'epsilon': 0.9290912986233012, 'interactions': 30}"
deffuant,rlgdgr,88,0.30133587786259547,0.3039769241133611,-0.008764460008873843,False,"{'mu': 0.23723229346074398, 'epsilon': 0.9290912986233012, 'interactions': 30}"
deffuant,rlgdgr,89,0.30133587786259547,0.3083398473855066,-0.023243065421187117,False,"{'mu': 0.23723229346074398, 'epsilon': 0.9290912986233012, 'interactions': 30}"
deffuant,rlgdgr,90,0.30133587786259547,0.30229551891379614,-0.0031846226144974597,False,"{'mu': 0.268567940552757, 'epsilon': 0.8630401376270849, 'interactions': 10}"
deffuant,rlgdgr,91,0.30133587786259547,0.3015463341355921,-0.0006984109376202977,False,"{'mu': 0.268567940552757, 'epsilon': 0.8630401376270849, 'interactions': 10}"
deffuant,rlgdgr,92,0.30133587786259547,0.3011855152994355,0.0004989865933871343,True,"{'mu': 0.268567940552757, 'epsilon': 0.8630401376270849, 'interactions': 10}"
deffuant,rlgdgr,93,0.30133587786259547,0.303388594573621,-0.006812055456474829,False,"{'mu': 0.268567940552757, 'epsilon': 0.8630401376270849, 'interactions': 10}"
deffuant,rlgdgr,94,0.30133587786259547,0.3017088258294046,-0.0012376487308929196,False,"{'mu': 0.268567940552757, 'epsilon': 0.8630401376270849, 'interactions': 10}"
deffuant,rlgdgr,95,0.30133587786259547,0.30179715867652196,-0.0015307862349428802,False,"{'mu': 0.268567940552757, 'epsilon': 0.8630401376270849, 'interactions': 10}"
deffuant,rlgdgr,96,0.30133587786259547,0.30283640115233607,-0.004979570638531173,False,"{'mu': 0.268567940552757, 'epsilon': 0.8630401376270849, 'interactions': 10}"
deffuant,rlgdgr,97,0.30133587786259547,0.3029247339994533,-0.005272708142580766,False,"{'mu': 0.268567940552757, 'epsilon': 0.8630401376270849, 'interactions': 10}"
deffuant,rlgdgr,98,0.30133587786259547,0.30076335877862603,0.0018999366687776089,True,"{'mu': 0.268567940552757, 'epsilon': 0.8630401376270849, 'interactions': 10}"
deffuant,rlgdgr,99,0.30133587786259547,0.30325597791290443,-0.006371959634970833,False,"{'mu': 0.268567940552757, 'epsilon': 0.8630401376270849, 'interactions': 10}"
